,id_feu,siniestro_fecha,siniestro_hora,zona_ocurrencia,via_publica,nombre_via,altura_km,entre_calle_1,latitud,longitud,ilesos,heridos,fallecidos,vehiculos,peatones,tipo_siniestro_unico,tipo_colision,cantidad_de_involucrados,cono_de_vision,material_de_la_calzada,estado_de_la_calzada,estado_fisico_ambiental,barreras_de_seguridad,luminosidad,luz_artificial,estado_ambiental,semaforo,tipo_involucrado
0,182665,2023-12-30,12:30:00,Urbana,Avenida,AV INDEPENDENCIA,4200,LAS PIEDRAS,,,3.0,0.0,0.0,3.0,0.0,Colisión entre vehículos,Multiple,3,No obstruido,Asfalto,Apto,Seca,Ninguna,Día,,Despejado,Funciona,Automóvil
1,182665,2023-12-30,12:30:00,Urbana,Avenida,AV INDEPENDENCIA,4200,LAS PIEDRAS,,,3.0,0.0,0.0,3.0,0.0,Colisión entre vehículos,Multiple,3,No obstruido,Asfalto,Apto,Seca,Ninguna,Día,,Despejado,Funciona,Camioneta/Utilitario
2,182665,2023-12-30,12:30:00,Urbana,Avenida,AV INDEPENDENCIA,4200,LAS PIEDRAS,,,3.0,0.0,0.0,3.0,0.0,Colisión entre vehículos,Multiple,3,No obstruido,Asfalto,Apto,Seca,Ninguna,Día,,Despejado,Funciona,Camioneta/Utilitario
3,197455,2023-12-27,00:15:00,Urbana,Avenida,CHACABUCO,1900,LAS HERAS,,,1.0,1.0,0.0,2.0,0.0,Colisión entre vehículos,Alcance,2,S/D,Asfalto,Apto,Seca,S/D,Noche,SI,Despejado,Funciona,Automóvil
4,197455,2023-12-27,00:15:00,Urbana,Avenida,CHACABUCO,1900,LAS HERAS,,,1.0,1.0,0.0,2.0,0.0,Colisión entre vehículos,Alcance,2,S/D,Asfalto,Apto,Seca,S/D,Noche,SI,Despejado,Funciona,Motocicleta
5,207065,2023-12-27,10:10:00,Urbana,Calle,AV VERA,1300,CORDOBA,,,1.0,1.0,0.0,2.0,0.0,Colisión entre vehículos,Lateral,2,S/D,Asfalto,Apto,Seca,Ninguna,Día,,Despejado,Sin Semáforo,Automóvil
6,207065,2023-12-27,10:10:00,Urbana,Calle,AV VERA,1300,CORDOBA,,,1.0,1.0,0.0,2.0,0.0,Colisión entre vehículos,Lateral,2,S/D,Asfalto,Apto,Seca,Ninguna,Día,,Despejado,Sin Semáforo,Motocicleta
7,202001,2023-12-24,13:50:00,Urbana,Calle,RIVADAVIA,1499,SAN LORENZO,,,2.0,0.0,0.0,2.0,0.0,Colisión entre vehículos,,2,,Asfalto,Apto,Seca,Asfalto,Día,,Despejado,Sin Semáforo,Automóvil
8,202001,2023-12-24,13:50:00,Urbana,Calle,RIVADAVIA,1499,SAN LORENZO,,,2.0,0.0,0.0,2.0,0.0,Colisión entre vehículos,,2,,Asfalto,Apto,Seca,Asfalto,Día,,Despejado,Sin Semáforo,Motocicleta
9,207724,2023-12-24,23:45:00,Urbana,Calle,LAVALLE,90,,,,1.0,0.0,0.0,1.0,0.0,Despeñamiento,Lateral,1,,Asfalto,Apto,Seca,Ninguna,Noche,NO,Despejado,Sin Semáforo,Camioneta/Utilitario
10,181822,2023-12-23,09:00:00,Urbana,Calle,SAN MARTIN,2100,ROCA,,,2.0,0.0,0.0,2.0,0.0,Colisión entre vehículos,,2,S/D,Asfalto,Apto,Seca,S/D,Día,,Despejado,S/D,Automóvil
11,181822,2023-12-23,09:00:00,Urbana,Calle,SAN MARTIN,2100,ROCA,,,2.0,0.0,0.0,2.0,0.0,Colisión entre vehículos,,2,S/D,Asfalto,Apto,Seca,S/D,Día,,Despejado,S/D,Motocicleta
12,177774,2023-12-23,09:21:00,Urbana,Calle,SAN LORENZO,1200,SIMÓN BOLIVAR,-2.747.131,-5.883.213,1.0,1.0,0.0,2.0,0.0,Colisión entre vehículos,,2,No obstruido,Asfalto,Apto,Seca,Ninguna,Día,,Despejado,Sin Semáforo,Automóvil
13,177774,2023-12-23,09:21:00,Urbana,Calle,SAN LORENZO,1200,SIMÓN BOLIVAR,-2.747.131,-5.883.213,1.0,1.0,0.0,2.0,0.0,Colisión entre vehículos,,2,No obstruido,Asfalto,Apto,Seca,Ninguna,Día,,Despejado,Sin Semáforo,Motocicleta
14,189213,2023-12-21,14:00:00,Urbana,Avenida,AV MAIPU,3500,PUNTA MOGOTES,,,1.0,1.0,0.0,2.0,0.0,Colisión entre vehículos,Angulo,2,S/D,Asfalto,Apto,Seca,S/D,Día,,Despejado,Sin Semáforo,Motocicleta
15,189213,2023-12-21,14:00:00,Urbana,Avenida,AV MAIPU,3500,PUNTA MOGOTES,,,1.0,1.0,0.0,2.0,0.0,Colisión entre vehículos,Angulo,2,S/D,Asfalto,Apto,Seca,S/D,Día,,Despejado,Sin Semáforo,Automóvil
16,190637,2023-12-21,10:05:00,Urbana,Avenida,AVENIDA MAIPU,1700,FRAGATA SARMIENTO,,,2.0,0.0,0.0,2.0,0.0,Colisión entre vehículos,Angulo,2,,Asfalto,Apto,Seca,S/D,Día,,Despejado,Funciona,Automóvil
17,190637,2023-12-21,10:05:00,Urbana,Avenida,AVENIDA MAIPU,1700,FRAGATA SARMIENTO,,,2.0,0.0,0.0,2.0,0.0,Colisión entre vehículos,Angulo,2,,Asfalto,Apto,Seca,S/D,Día,,Despejado,Funciona,Motocicleta
18,199127,2023-12-18,17:30:00,Urbana,Calle,9 DE julio,700,MENDOZA,,,3.0,0.0,0.0,2.0,0.0,Colisión entre vehículos,,2,S/D,Asfalto,Apto,Seca,Asfalto,Día,,Despejado,Sin Semáforo,Automóvil
19,199127,2023-12-18,17:30:00,Urbana,Calle,9 DE julio,700,MENDOZA,,,3.0,0.0,0.0,2.0,0.0,Colisión entre vehículos,,2,S/D,Asfalto,Apto,Seca,Asfalto,Día,,Despejado,Sin Semáforo,Automóvil
20,212934,2023-12-17,19:50:00,Urbana,Avenida,AV MAIPU,6000,GUAYQUIRARO,,,0.0,2.0,0.0,1.0,0.0,Atropello a animal/es,Alcance,1,No obstruido,Asfalto,Apto,Seca,Ninguna,Noche,NO,Despejado,Funciona,Motocicleta
21,182664,2023-12-16,07:50:00,Urbana,Calle,LA RIOJA,700,25 DE mayo,,,1.0,1.0,0.0,2.0,0.0,Colisión entre vehículos,Rozamiento,2,No obstruido,Asfalto,Apto,Seca,Ninguna,Día,,Despejado,Funciona,Automóvil
22,182664,2023-12-16,07:50:00,Urbana,Calle,LA RIOJA,700,25 DE mayo,,,1.0,1.0,0.0,2.0,0.0,Colisión entre vehículos,Rozamiento,2,No obstruido,Asfalto,Apto,Seca,Ninguna,Día,,Despejado,Funciona,Motocicleta
23,207684,2023-12-16,07:30:00,Urbana,Avenida,AV ALTA GRACIA,2400,,,,1.0,1.0,0.0,2.0,0.0,Colisión entre vehículos,Rozamiento,2,S/D,Asfalto,Apto,Seca,Ninguna,Noche,NO,Despejado,Sin Semáforo,Automóvil
24,207684,2023-12-16,07:30:00,Urbana,Avenida,AV ALTA GRACIA,2400,,,,1.0,1.0,0.0,2.0,0.0,Colisión entre vehículos,Rozamiento,2,S/D,Asfalto,Apto,Seca,Ninguna,Noche,NO,Despejado,Sin Semáforo,Motocicleta
25,211678,2023-12-15,22:15:00,Urbana,Calle,AV INDEPENDENCIA,5000,,-4.000.000,-6.100.000,0.0,1.0,0.0,1.0,0.0,Caída desde vehículo,,1,,Asfalto,Apto,Seca,Asfalto,Noche,,Despejado,Funciona,Motocicleta
26,176163,2023-12-13,10:00:00,Urbana,Ruta Nacional,12,,,,,2.0,0.0,0.0,2.0,0.0,Colisión entre vehículos,,2,S/D,Asfalto,Apto,Seca,S/D,Día,,Despejado,S/D,Transporte de pasajeros
27,176163,2023-12-13,10:00:00,Urbana,Ruta Nacional,12,,,,,2.0,0.0,0.0,2.0,0.0,Colisión entre vehículos,,2,S/D,Asfalto,Apto,Seca,S/D,Día,,Despejado,S/D,Automóvil
28,186781,2023-12-11,12:19:00,Urbana,Calle,AV CHACABUCO,1500,SUIZA,,,1.0,1.0,0.0,2.0,0.0,Colisión entre vehículos,Angulo,2,S/D,Asfalto,Apto,Seca,S/D,Día,,Nublado,S/D,Automóvil
29,186781,2023-12-11,12:19:00,Urbana,Calle,AV CHACABUCO,1500,SUIZA,,,1.0,1.0,0.0,2.0,0.0,Colisión entre vehículos,Angulo,2,S/D,Asfalto,Apto,Seca,S/D,Día,,Nublado,S/D,Motocicleta
30,205605,2023-12-11,17:15:00,Urbana,Calle,ROCA,1000,,,,1.0,1.0,0.0,2.0,0.0,Colisión entre vehículos,Lateral,2,S/D,Asfalto,Apto,Seca,Ninguna,Día,,Despejado,Sin Semáforo,Automóvil
31,205605,2023-12-11,17:15:00,Urbana,Calle,ROCA,1000,,,,1.0,1.0,0.0,2.0,0.0,Colisión entre vehículos,Lateral,2,S/D,Asfalto,Apto,Seca,Ninguna,Día,,Despejado,Sin Semáforo,Motocicleta
32,177716,2023-12-10,07:50:00,Urbana,Calle,RECONQUISTA,3140,EX VÍA,-2.749.371,-5.881.594,2.0,0.0,0.0,2.0,0.0,Colisión entre vehículos,,2,No obstruido,Asfalto,Apto,Seca,Ninguna,Día,,Despejado,S/D,Automóvil
33,177716,2023-12-10,07:50:00,Urbana,Calle,RECONQUISTA,3140,EX VÍA,-2.749.371,-5.881.594,2.0,0.0,0.0,2.0,0.0,Colisión entre vehículos,,2,No obstruido,Asfalto,Apto,Seca,Ninguna,Día,,Despejado,S/D,Automóvil
34,194953,2023-12-09,12:50:00,Urbana,Avenida,AV CENTENARIO,3076,,,,2.0,0.0,0.0,2.0,0.0,Colisión entre vehículos,,2,S/D,Asfalto,Apto,Seca,S/D,Día,,Despejado,S/D,Automóvil
35,194953,2023-12-09,12:50:00,Urbana,Avenida,AV CENTENARIO,3076,,,,2.0,0.0,0.0,2.0,0.0,Colisión entre vehículos,,2,S/D,Asfalto,Apto,Seca,S/D,Día,,Despejado,S/D,Motocicleta
36,199930,2023-12-09,19:20:00,Urbana,Avenida,AV LA PAZ,180,RIO NEGRO,,,1.0,1.0,0.0,2.0,0.0,Colisión entre vehículos,,2,,Asfalto,Apto,Seca,S/D,Noche,SI,Despejado,S/D,Automóvil
37,199930,2023-12-09,19:20:00,Urbana,Avenida,AV LA PAZ,180,RIO NEGRO,,,1.0,1.0,0.0,2.0,0.0,Colisión entre vehículos,,2,,Asfalto,Apto,Seca,S/D,Noche,SI,Despejado,S/D,Motocicleta
38,207203,2023-12-09,12:57:00,Urbana,Avenida,AV CHACABUCO,1700,LA VALLE,-2.747.916,-5.881.494,0.0,2.0,0.0,2.0,0.0,Colisión entre vehículos,,2,S/D,Asfalto,Apto,Mojada,Asfalto,,,Despejado,Sin Semáforo,Automóvil
39,207203,2023-12-09,12:57:00,Urbana,Avenida,AV CHACABUCO,1700,LA VALLE,-2.747.916,-5.881.494,0.0,2.0,0.0,2.0,0.0,Colisión entre vehículos,,2,S/D,Asfalto,Apto,Mojada,Asfalto,,,Despejado,Sin Semáforo,Motocicleta
40,194948,2023-12-08,10:15:00,Urbana,Calle,RIOJA,790,,,,1.0,1.0,0.0,1.0,1.0,Atropello a peatón/es,,2,,Asfalto,Apto,Seca,S/D,Día,,Despejado,Funciona,Automóvil
41,194948,2023-12-08,10:15:00,Urbana,Calle,RIOJA,790,,,,1.0,1.0,0.0,1.0,1.0,Atropello a peatón/es,,2,,Asfalto,Apto,Seca,S/D,Día,,Despejado,Funciona,Peatón
42,177775,2023-12-08,13:40:00,Urbana,Avenida,AVENIDA 3 DE ABRIL,1250,MENDOZA,-2.747.576,-5.883.597,1.0,1.0,0.0,2.0,0.0,Colisión entre vehículos,,2,No obstruido,Otro,Apto,Seca,Ninguna,Día,,Despejado,Funciona,Automóvil
43,177775,2023-12-08,13:40:00,Urbana,Avenida,AVENIDA 3 DE ABRIL,1250,MENDOZA,-2.747.576,-5.883.597,1.0,1.0,0.0,2.0,0.0,Colisión entre vehículos,,2,No obstruido,Otro,Apto,Seca,Ninguna,Día,,Despejado,Funciona,Motocicleta
44,186727,2023-12-08,14:10:00,Urbana,Avenida,CARTAGENA,3900,LAS PIEDRAS,,,1.0,0.0,0.0,1.0,0.0,Colisión entre vehículos,,1,,Asfalto,Apto,Seca,S/D,Día,,Despejado,S/D,Motocicleta
45,197452,2023-12-05,09:15:00,Urbana,Avenida,TENIENTE IBAÑEZ,800,GOBERNADOR RUIZ,,,2.0,0.0,0.0,2.0,0.0,Colisión entre vehículos,,2,,Asfalto,Apto,Seca,S/D,Día,,Despejado,S/D,Automóvil
46,197452,2023-12-05,09:15:00,Urbana,Avenida,TENIENTE IBAÑEZ,800,GOBERNADOR RUIZ,,,2.0,0.0,0.0,2.0,0.0,Colisión entre vehículos,,2,,Asfalto,Apto,Seca,S/D,Día,,Despejado,S/D,Automóvil
47,181847,2023-12-05,23:00:00,Urbana,Avenida,AV MAIPU,2200,RECONQUISTA,,,1.0,1.0,0.0,2.0,0.0,Colisión entre vehículos,Angulo,2,S/D,Asfalto,Apto,Seca,S/D,Noche,SI,Despejado,S/D,Motocicleta
48,181847,2023-12-05,23:00:00,Urbana,Avenida,AV MAIPU,2200,RECONQUISTA,,,1.0,1.0,0.0,2.0,0.0,Colisión entre vehículos,Angulo,2,S/D,Asfalto,Apto,Seca,S/D,Noche,SI,Despejado,S/D,Motocicleta
49,212423,2023-12-04,00:05:00,Urbana,Calle,JUNIN,600,TUCUMAN,,,0.0,3.0,0.0,2.0,0.0,Colisión entre vehículos,Lateral,2,No obstruido,Asfalto,Apto,Seca,Ninguna,Noche,NO,Despejado,Sin Semáforo,Motocicleta
50,212423,2023-12-04,00:05:00,Urbana,Calle,JUNIN,600,TUCUMAN,,,0.0,3.0,0.0,2.0,0.0,Colisión entre vehículos,Lateral,2,No obstruido,Asfalto,Apto,Seca,Ninguna,Noche,NO,Despejado,Sin Semáforo,Motocicleta
51,214658,2023-11-30,09:00:00,Urbana,Ruta Nacional,12,1034,AV LIBERTAD,,,2.0,0.0,0.0,2.0,0.0,Colisión entre vehículos,,2,S/D,Asfalto,Apto,Seca,Pasto,Día,,Despejado,Sin Semáforo,Camioneta/Utilitario
52,214658,2023-11-30,09:00:00,Urbana,Ruta Nacional,12,1034,AV LIBERTAD,,,2.0,0.0,0.0,2.0,0.0,Colisión entre vehículos,,2,S/D,Asfalto,Apto,Seca,Pasto,Día,,Despejado,Sin Semáforo,Camioneta/Utilitario
53,198236,2023-11-25,07:40:00,Urbana,Avenida,MAIPU,404,,,,2.0,0.0,0.0,2.0,0.0,Colisión entre vehículos,Lateral,2,,Asfalto,Apto,Seca,Asfalto,Día,,Despejado,S/D,Automóvil
54,198236,2023-11-25,07:40:00,Urbana,Avenida,MAIPU,404,,,,2.0,0.0,0.0,2.0,0.0,Colisión entre vehículos,Lateral,2,,Asfalto,Apto,Seca,Asfalto,Día,,Despejado,S/D,Bicicleta
55,181821,2023-11-20,12:00:00,Urbana,Calle,SAN JUAN,3700,IBERA,,,0.0,1.0,0.0,2.0,0.0,Colisión entre vehículos,,2,,Asfalto,Apto,Seca,S/D,Día,,Despejado,Sin Semáforo,Motocicleta
56,181821,2023-11-20,12:00:00,Urbana,Calle,SAN JUAN,3700,IBERA,,,0.0,1.0,0.0,2.0,0.0,Colisión entre vehículos,,2,,Asfalto,Apto,Seca,S/D,Día,,Despejado,Sin Semáforo,Tracción a sangre
57,189212,2023-11-17,06:30:00,Urbana,Calle,CUBA,5100,,,,2.0,0.0,0.0,2.0,0.0,Colisión entre vehículos,,2,,S/D,Apto,Seca,S/D,Día,,Despejado,Sin Semáforo,Automóvil
58,189212,2023-11-17,06:30:00,Urbana,Calle,CUBA,5100,,,,2.0,0.0,0.0,2.0,0.0,Colisión entre vehículos,,2,,S/D,Apto,Seca,S/D,Día,,Despejado,Sin Semáforo,Camioneta/Utilitario
59,189277,2023-11-11,09:35:00,Urbana,Calle,GODOY CRUZ,1700,PASAJE ACEVEDO,,,1.0,0.0,1.0,2.0,0.0,Colisión entre vehículos,,2,S/D,Asfalto,Apto,Seca,S/D,Día,,Despejado,Sin Semáforo,Motocicleta
60,189277,2023-11-11,09:35:00,Urbana,Calle,GODOY CRUZ,1700,PASAJE ACEVEDO,,,1.0,0.0,1.0,2.0,0.0,Colisión entre vehículos,,2,S/D,Asfalto,Apto,Seca,S/D,Día,,Despejado,Sin Semáforo,Transporte de carga
61,201240,2023-11-08,02:45:00,Urbana,Avenida,MAIPU,1235,LION,,,0.0,2.0,0.0,2.0,0.0,Colisión entre vehículos,Lateral,2,,Asfalto,Apto,Seca,S/D,Día,,Despejado,S/D,Motocicleta
62,201240,2023-11-08,02:45:00,Urbana,Avenida,MAIPU,1235,LION,,,0.0,2.0,0.0,2.0,0.0,Colisión entre vehículos,Lateral,2,,Asfalto,Apto,Seca,S/D,Día,,Despejado,S/D,Motocicleta
63,176189,2023-11-08,09:55:00,Urbana,Avenida,AAVENIDA 3 DE ABRIL,869,,-2.747.508,-5.884.063,2.0,0.0,0.0,2.0,0.0,Colisión entre vehículos,,2,No obstruido,Asfalto,Apto,Seca,Ninguna,Día,,Despejado,S/D,Automóvil
64,176189,2023-11-08,09:55:00,Urbana,Avenida,AAVENIDA 3 DE ABRIL,869,,-2.747.508,-5.884.063,2.0,0.0,0.0,2.0,0.0,Colisión entre vehículos,,2,No obstruido,Asfalto,Apto,Seca,Ninguna,Día,,Despejado,S/D,Motocicleta
65,180122,2023-11-05,09:15:00,Urbana,Calle,RIOJA,1071,,,,1.0,1.0,0.0,2.0,0.0,Colisión entre vehículos,,2,,S/D,Apto,Seca,S/D,Día,,Despejado,S/D,Bicicleta
66,180122,2023-11-05,09:15:00,Urbana,Calle,RIOJA,1071,,,,1.0,1.0,0.0,2.0,0.0,Colisión entre vehículos,,2,,S/D,Apto,Seca,S/D,Día,,Despejado,S/D,Automóvil
67,177721,2023-11-05,08:05:00,Urbana,Avenida,CHACABUCO,2800,TAMPICO,,,2.0,0.0,0.0,2.0,0.0,Colisión entre vehículos,,2,,Asfalto,Apto,Seca,S/D,Día,,Despejado,S/D,Motocicleta
68,177721,2023-11-05,08:05:00,Urbana,Avenida,CHACABUCO,2800,TAMPICO,,,2.0,0.0,0.0,2.0,0.0,Colisión entre vehículos,,2,,Asfalto,Apto,Seca,S/D,Día,,Despejado,S/D,Automóvil
69,186752,2023-11-05,08:15:00,Urbana,Avenida,AV SARMIENTO,1600,RAMON CARRILLO,,,2.0,0.0,0.0,2.0,0.0,Colisión entre vehículos,Angulo,2,S/D,Asfalto,Apto,Seca,S/D,Día,,Despejado,Sin Semáforo,Camioneta/Utilitario
70,186752,2023-11-05,08:15:00,Urbana,Avenida,AV SARMIENTO,1600,RAMON CARRILLO,,,2.0,0.0,0.0,2.0,0.0,Colisión entre vehículos,Angulo,2,S/D,Asfalto,Apto,Seca,S/D,Día,,Despejado,Sin Semáforo,Transporte de pasajeros
71,201236,2023-11-05,09:45:00,Urbana,Calle,CARTAGENA,3800,TACUARI,,,0.0,1.0,0.0,1.0,0.0,Caída desde vehículo,,1,,Asfalto,Ahuellamiento,Seca,S/D,Día,,Niebla / Neblina,S/D,Motocicleta
72,193981,2023-11-04,08:16:00,Urbana,Calle,COMODORO RIVADAVIA,2200,CIUDAD DE AREQUIPA,,,1.0,1.0,0.0,2.0,0.0,Colisión entre vehículos,Angulo,2,,Asfalto,Apto,Seca,S/D,Día,,Despejado,S/D,Automóvil
73,193981,2023-11-04,08:16:00,Urbana,Calle,COMODORO RIVADAVIA,2200,CIUDAD DE AREQUIPA,,,1.0,1.0,0.0,2.0,0.0,Colisión entre vehículos,Angulo,2,,Asfalto,Apto,Seca,S/D,Día,,Despejado,S/D,Motocicleta
74,196781,2023-11-04,11:00:00,Urbana,Avenida,INDEPENDENCIA,4380,,,,1.0,1.0,0.0,2.0,0.0,Colisión entre vehículos,,2,,Asfalto,Apto,Seca,,Día,,Despejado,Sin Semáforo,Motocicleta
75,196781,2023-11-04,11:00:00,Urbana,Avenida,INDEPENDENCIA,4380,,,,1.0,1.0,0.0,2.0,0.0,Colisión entre vehículos,,2,,Asfalto,Apto,Seca,,Día,,Despejado,Sin Semáforo,Automóvil
76,184126,2023-11-04,10:48:00,Urbana,Avenida,AV ARTIGAS,2500,AV PEDRO FERRE,,,2.0,2.0,0.0,4.0,0.0,Colisión entre vehículos,Multiple,4,No obstruido,Asfalto,Apto,Seca,Ninguna,Día,,Despejado,Funciona,Camioneta/Utilitario
77,184126,2023-11-04,10:48:00,Urbana,Avenida,AV ARTIGAS,2500,AV PEDRO FERRE,,,2.0,2.0,0.0,4.0,0.0,Colisión entre vehículos,Multiple,4,No obstruido,Asfalto,Apto,Seca,Ninguna,Día,,Despejado,Funciona,Automóvil
78,184126,2023-11-04,10:48:00,Urbana,Avenida,AV ARTIGAS,2500,AV PEDRO FERRE,,,2.0,2.0,0.0,4.0,0.0,Colisión entre vehículos,Multiple,4,No obstruido,Asfalto,Apto,Seca,Ninguna,Día,,Despejado,Funciona,Automóvil
79,184126,2023-11-04,10:48:00,Urbana,Avenida,AV ARTIGAS,2500,AV PEDRO FERRE,,,2.0,2.0,0.0,4.0,0.0,Colisión entre vehículos,Multiple,4,No obstruido,Asfalto,Apto,Seca,Ninguna,Día,,Despejado,Funciona,Automóvil
80,207689,2023-11-04,09:20:00,Urbana,Avenida,AV PEDRO FERRE,2800,BOLIVIA,,,2.0,0.0,0.0,2.0,0.0,Colisión entre vehículos,Alcance,2,No obstruido,Asfalto,Apto,Seca,Ninguna,Día,,Despejado,Sin Semáforo,Camioneta/Utilitario
81,207689,2023-11-04,09:20:00,Urbana,Avenida,AV PEDRO FERRE,2800,BOLIVIA,,,2.0,0.0,0.0,2.0,0.0,Colisión entre vehículos,Alcance,2,No obstruido,Asfalto,Apto,Seca,Ninguna,Día,,Despejado,Sin Semáforo,Automóvil
82,196754,2023-11-04,15:45:00,Urbana,Calle,MEXICO,800,JUNIN,,,4.0,0.0,0.0,2.0,0.0,Colisión entre vehículos,Angulo,2,,Asfalto,Apto,Seca,S/D,Día,,Despejado,S/D,Automóvil
83,196754,2023-11-04,15:45:00,Urbana,Calle,MEXICO,800,JUNIN,,,4.0,0.0,0.0,2.0,0.0,Colisión entre vehículos,Angulo,2,,Asfalto,Apto,Seca,S/D,Día,,Despejado,S/D,Automóvil
84,178614,2023-11-02,07:15:00,Urbana,Calle,PAMPIN,2200,GDOR  RUIZ,,,1.0,1.0,0.0,1.0,0.0,Caída desde vehículo,,1,,Asfalto,Apto,Seca,S/D,Día,,Despejado,Sin Semáforo,Motocicleta
85,177781,2023-11-02,14:30:00,Urbana,Avenida,AV INDEPENDENCIA,3600,MEDRANO,,,0.0,1.0,0.0,2.0,0.0,Colisión entre vehículos,,2,S/D,Asfalto,Apto,Seca,S/D,Día,,Despejado,Funciona,Motocicleta
86,177781,2023-11-02,14:30:00,Urbana,Avenida,AV INDEPENDENCIA,3600,MEDRANO,,,0.0,1.0,0.0,2.0,0.0,Colisión entre vehículos,,2,S/D,Asfalto,Apto,Seca,S/D,Día,,Despejado,Funciona,Automóvil
87,201243,2023-10-30,12:00:00,Urbana,Avenida,FERRE,1850,VELEZ SARFIELD,,,2.0,0.0,0.0,2.0,0.0,Colisión entre vehículos,,2,,Asfalto,Apto,Seca,S/D,Día,,Despejado,S/D,Automóvil
88,201243,2023-10-30,12:00:00,Urbana,Avenida,FERRE,1850,VELEZ SARFIELD,,,2.0,0.0,0.0,2.0,0.0,Colisión entre vehículos,,2,,Asfalto,Apto,Seca,S/D,Día,,Despejado,S/D,Automóvil
89,196753,2023-10-29,09:00:00,Urbana,Avenida,FERRE,2390,,,,2.0,0.0,0.0,2.0,0.0,Colisión entre vehículos,,2,,Asfalto,Apto,Seca,,Día,,Nublado,S/D,Automóvil
90,196753,2023-10-29,09:00:00,Urbana,Avenida,FERRE,2390,,,,2.0,0.0,0.0,2.0,0.0,Colisión entre vehículos,,2,,Asfalto,Apto,Seca,,Día,,Nublado,S/D,Camioneta/Utilitario
91,178615,2023-10-29,11:36:00,Urbana,Avenida,RECONQUISTA,0,BROWN,,,1.0,1.0,0.0,2.0,0.0,Colisión entre vehículos,,2,S/D,S/D,Apto,Seca,S/D,Día,,Despejado,Sin Semáforo,Automóvil
92,178615,2023-10-29,11:36:00,Urbana,Avenida,RECONQUISTA,0,BROWN,,,1.0,1.0,0.0,2.0,0.0,Colisión entre vehículos,,2,S/D,S/D,Apto,Seca,S/D,Día,,Despejado,Sin Semáforo,Motocicleta