,id_feu,siniestro_fecha,siniestro_hora,zona_ocurrencia,via_publica,nombre_via,altura_km,entre_calle_1,latitud,longitud,ilesos,heridos,fallecidos,vehiculos,peatones,tipo_siniestro_unico,tipo_colision,cantidad_de_involucrados,cono_de_vision,material_de_la_calzada,estado_de_la_calzada,estado_fisico_ambiental,barreras_de_seguridad,luminosidad,luz_artificial,estado_ambiental,semaforo,tipo_involucrado
278,208361,2023-08-04,09:40:00,Urbana,Avenida,AV 3 DE ABRIL,700,,,,3.0,0.0,0.0,3.0,0.0,Colisión entre vehículos,Alcance,3,No obstruido,Asfalto,Apto,Seca,Ninguna,Día,,Despejado,Funciona,Automóvil
279,205550,2023-08-04,06:20:00,Urbana,Avenida,AV. INDEPENDENCIA,4300,RIO JURAMENTO,-2.748.111,-5.879.930,1.0,1.0,0.0,2.0,0.0,Colisión entre vehículos,,2,S/D,Asfalto,Apto,Seca,Asfalto,,,,,Camioneta/Utilitario
280,205550,2023-08-04,06:20:00,Urbana,Avenida,AV. INDEPENDENCIA,4300,RIO JURAMENTO,-2.748.111,-5.879.930,1.0,1.0,0.0,2.0,0.0,Colisión entre vehículos,,2,S/D,Asfalto,Apto,Seca,Asfalto,,,,,Motocicleta
281,177714,2023-08-04,10:50:00,Urbana,Avenida,AVENIDA INDEPENDENCIA,4300,RÍO JURAMENTO,-2.748.113,-5.879.930,1.0,1.0,0.0,2.0,0.0,Colisión entre vehículos,,2,No obstruido,Asfalto,Apto,Seca,Ninguna,Día,,Despejado,S/D,Motocicleta
282,177714,2023-08-04,10:50:00,Urbana,Avenida,AVENIDA INDEPENDENCIA,4300,RÍO JURAMENTO,-2.748.113,-5.879.930,1.0,1.0,0.0,2.0,0.0,Colisión entre vehículos,,2,No obstruido,Asfalto,Apto,Seca,Ninguna,Día,,Despejado,S/D,Camioneta/Utilitario
283,185871,2023-08-03,22:30:00,Urbana,Avenida,AV 3 DE ABRIL,1300,CATAMARCA,,,1.0,1.0,0.0,2.0,0.0,Colisión entre vehículos,Lateral,2,S/D,Asfalto,Apto,Seca,S/D,,,Despejado,Funciona,Automóvil
284,185871,2023-08-03,22:30:00,Urbana,Avenida,AV 3 DE ABRIL,1300,CATAMARCA,,,1.0,1.0,0.0,2.0,0.0,Colisión entre vehículos,Lateral,2,S/D,Asfalto,Apto,Seca,S/D,,,Despejado,Funciona,Motocicleta
285,190575,2023-08-03,21:00:00,Urbana,Avenida,AV 3 DE ABRIL,1400,SAN LORENZO,,,1.0,2.0,0.0,2.0,0.0,Colisión entre vehículos,Alcance,2,,Asfalto,Apto,Seca,S/D,Noche,SI,Despejado,Funciona,Automóvil
286,190575,2023-08-03,21:00:00,Urbana,Avenida,AV 3 DE ABRIL,1400,SAN LORENZO,,,1.0,2.0,0.0,2.0,0.0,Colisión entre vehículos,Alcance,2,,Asfalto,Apto,Seca,S/D,Noche,SI,Despejado,Funciona,Motocicleta
287,194019,2023-08-03,13:50:00,Urbana,Calle,H. IRIGOYEN,865,SALTA,,,0.0,2.0,0.0,1.0,1.0,Atropello a peatón/es,,2,,Asfalto,Apto,Seca,S/D,Día,,Despejado,S/D,Motocicleta
288,194019,2023-08-03,13:50:00,Urbana,Calle,H. IRIGOYEN,865,SALTA,,,0.0,2.0,0.0,1.0,1.0,Atropello a peatón/es,,2,,Asfalto,Apto,Seca,S/D,Día,,Despejado,S/D,Peatón
289,204273,2023-08-03,18:00:00,Urbana,Calle,RAFAELA,46,BONASTRE,,,1.0,3.0,0.0,2.0,0.0,Colisión entre vehículos,Angulo,2,,Asfalto,Apto,Seca,Asfalto,Día,,Despejado,S/D,Motocicleta
290,204273,2023-08-03,18:00:00,Urbana,Calle,RAFAELA,46,BONASTRE,,,1.0,3.0,0.0,2.0,0.0,Colisión entre vehículos,Angulo,2,,Asfalto,Apto,Seca,Asfalto,Día,,Despejado,S/D,Camioneta/Utilitario
291,178612,2023-08-03,01:30:00,Urbana,Avenida,MEDRANO,2100,NICARAGUA,,,0.0,1.0,0.0,1.0,0.0,Otro,,1,,Asfalto,Apto,Seca,S/D,Noche,SI,Despejado,S/D,Motocicleta
292,199933,2023-07-31,18:30:00,Urbana,Calle,BELTRAN,1883,MAIPU,,,2.0,0.0,0.0,2.0,0.0,Colisión entre vehículos,Lateral,2,S/D,Asfalto,Apto,Seca,S/D,Día,,Despejado,S/D,Automóvil
293,199933,2023-07-31,18:30:00,Urbana,Calle,BELTRAN,1883,MAIPU,,,2.0,0.0,0.0,2.0,0.0,Colisión entre vehículos,Lateral,2,S/D,Asfalto,Apto,Seca,S/D,Día,,Despejado,S/D,Transporte de pasajeros
294,207087,2023-07-31,18:05:00,Urbana,Calle,25 DE mayo,1041,,,,,,,,,,,0,,,,,,,,,,
295,177785,2023-07-28,09:30:00,Urbana,Avenida,AV CAZADORES,3800,GUEMES,,,0.0,0.0,1.0,2.0,0.0,Colisión entre vehículos,,2,S/D,Asfalto,Apto,Seca,S/D,Día,,Despejado,Funciona,Motocicleta
296,177785,2023-07-28,09:30:00,Urbana,Avenida,AV CAZADORES,3800,GUEMES,,,0.0,0.0,1.0,2.0,0.0,Colisión entre vehículos,,2,S/D,Asfalto,Apto,Seca,S/D,Día,,Despejado,Funciona,Automóvil
297,184892,2023-07-27,07:27:00,Urbana,Calle,AV PUJOL,1100,ROTONDA PONCHO VERDE,,,2.0,0.0,0.0,2.0,0.0,Colisión entre vehículos,,2,S/D,Asfalto,Apto,Seca,S/D,Día,,Despejado,Sin Semáforo,Automóvil
298,184892,2023-07-27,07:27:00,Urbana,Calle,AV PUJOL,1100,ROTONDA PONCHO VERDE,,,2.0,0.0,0.0,2.0,0.0,Colisión entre vehículos,,2,S/D,Asfalto,Apto,Seca,S/D,Día,,Despejado,Sin Semáforo,Motocicleta
299,181831,2023-07-27,22:10:00,Urbana,Ruta Nacional,12,1024,AV MAIPU,,,1.0,0.0,1.0,2.0,0.0,Colisión entre vehículos,,2,,Asfalto,Apto,Seca,S/D,Noche,SI,Despejado,Sin Semáforo,Motocicleta
300,181831,2023-07-27,22:10:00,Urbana,Ruta Nacional,12,1024,AV MAIPU,,,1.0,0.0,1.0,2.0,0.0,Colisión entre vehículos,,2,,Asfalto,Apto,Seca,S/D,Noche,SI,Despejado,Sin Semáforo,Transporte de pasajeros
301,189210,2023-07-26,12:34:00,Urbana,Calle,mendoza,1780,,,,2.0,0.0,0.0,2.0,0.0,Colisión entre vehículos,Alcance,2,S/D,Asfalto,Apto,Seca,S/D,Día,,Despejado,S/D,Automóvil
302,189210,2023-07-26,12:34:00,Urbana,Calle,mendoza,1780,,,,2.0,0.0,0.0,2.0,0.0,Colisión entre vehículos,Alcance,2,S/D,Asfalto,Apto,Seca,S/D,Día,,Despejado,S/D,Transporte de carga
303,177722,2023-07-26,11:48:00,Urbana,Avenida,CHACABUCO,2225,,,,2.0,0.0,0.0,2.0,0.0,Colisión entre vehículos,,2,S/D,Asfalto,Apto,Seca,S/D,Día,,Despejado,S/D,Automóvil
304,177722,2023-07-26,11:48:00,Urbana,Avenida,CHACABUCO,2225,,,,2.0,0.0,0.0,2.0,0.0,Colisión entre vehículos,,2,S/D,Asfalto,Apto,Seca,S/D,Día,,Despejado,S/D,Motocicleta
305,176170,2023-07-25,08:35:00,Urbana,Avenida,AV RAUL ALFONSIN,3200,,,,1.0,1.0,0.0,2.0,0.0,Colisión entre vehículos,,2,S/D,Asfalto,Apto,Seca,S/D,Día,,Despejado,Funciona,Automóvil
306,176170,2023-07-25,08:35:00,Urbana,Avenida,AV RAUL ALFONSIN,3200,,,,1.0,1.0,0.0,2.0,0.0,Colisión entre vehículos,,2,S/D,Asfalto,Apto,Seca,S/D,Día,,Despejado,Funciona,Motocicleta
307,184885,2023-07-25,10:15:00,Urbana,Calle,LAS HERAS,3200,SAAVEDRA,,,1.0,2.0,0.0,2.0,0.0,Colisión entre vehículos,,2,,Asfalto,Apto,Seca,S/D,Día,,Despejado,S/D,Automóvil
308,184885,2023-07-25,10:15:00,Urbana,Calle,LAS HERAS,3200,SAAVEDRA,,,1.0,2.0,0.0,2.0,0.0,Colisión entre vehículos,,2,,Asfalto,Apto,Seca,S/D,Día,,Despejado,S/D,Motocicleta
309,187683,2023-07-23,08:14:00,Urbana,Avenida,CHACABUCO,1500,FERRE,,,3.0,1.0,0.0,2.0,0.0,Colisión entre vehículos,Angulo,2,,Asfalto,Apto,Seca,Asfalto,Día,,Despejado,Funciona,Automóvil
310,187683,2023-07-23,08:14:00,Urbana,Avenida,CHACABUCO,1500,FERRE,,,3.0,1.0,0.0,2.0,0.0,Colisión entre vehículos,Angulo,2,,Asfalto,Apto,Seca,Asfalto,Día,,Despejado,Funciona,Camioneta/Utilitario
311,194946,2023-07-19,15:00:00,Urbana,Avenida,AV INDEPENDENCIA,4300,LAS PIEDRAS,,,2.0,0.0,0.0,2.0,0.0,Colisión entre vehículos,Alcance,2,,Asfalto,Apto,Seca,,Día,,Despejado,Funciona,Transporte de carga
312,194946,2023-07-19,15:00:00,Urbana,Avenida,AV INDEPENDENCIA,4300,LAS PIEDRAS,,,2.0,0.0,0.0,2.0,0.0,Colisión entre vehículos,Alcance,2,,Asfalto,Apto,Seca,,Día,,Despejado,Funciona,Transporte de carga
313,205576,2023-07-18,08:52:00,Urbana,Calle,LAS PIEDRAS,1900,NECOCHEA,,,1.0,1.0,0.0,2.0,0.0,Colisión entre vehículos,Lateral,2,No obstruido,Asfalto,Apto,Seca,Ninguna,Día,,Despejado,S/D,Camioneta/Utilitario
314,205576,2023-07-18,08:52:00,Urbana,Calle,LAS PIEDRAS,1900,NECOCHEA,,,1.0,1.0,0.0,2.0,0.0,Colisión entre vehículos,Lateral,2,No obstruido,Asfalto,Apto,Seca,Ninguna,Día,,Despejado,S/D,Motocicleta
315,194025,2023-07-18,10:30:00,Urbana,Avenida,AV PUJOL,2399,,,,2.0,0.0,0.0,2.0,0.0,Colisión entre vehículos,,2,S/D,Asfalto,Apto,Seca,S/D,Día,,Despejado,Funciona,Automóvil
316,194025,2023-07-18,10:30:00,Urbana,Avenida,AV PUJOL,2399,,,,2.0,0.0,0.0,2.0,0.0,Colisión entre vehículos,,2,S/D,Asfalto,Apto,Seca,S/D,Día,,Despejado,Funciona,Automóvil
317,198241,2023-07-17,07:30:00,Urbana,Calle,GUTEMBERG,2100,LAMADRID,,,2.0,0.0,0.0,2.0,0.0,Colisión entre vehículos,Lateral,2,S/D,Asfalto,Apto,Seca,S/D,Día,,Despejado,Sin Semáforo,Automóvil
318,198241,2023-07-17,07:30:00,Urbana,Calle,GUTEMBERG,2100,LAMADRID,,,2.0,0.0,0.0,2.0,0.0,Colisión entre vehículos,Lateral,2,S/D,Asfalto,Apto,Seca,S/D,Día,,Despejado,Sin Semáforo,Automóvil
319,176175,2023-07-17,10:15:00,Urbana,Calle,COSQUIN,1600,CRESPO,,,1.0,1.0,0.0,2.0,0.0,Colisión entre vehículos,,2,S/D,Asfalto,Apto,Seca,S/D,Día,,Despejado,S/D,Automóvil
320,176175,2023-07-17,10:15:00,Urbana,Calle,COSQUIN,1600,CRESPO,,,1.0,1.0,0.0,2.0,0.0,Colisión entre vehículos,,2,S/D,Asfalto,Apto,Seca,S/D,Día,,Despejado,S/D,Motocicleta
321,179138,2023-07-13,01:11:00,Urbana,Calle,HIPOLITO YRIGOYEN,1500,SANTA FE,,,2.0,0.0,0.0,2.0,0.0,Colisión entre vehículos,Alcance,2,,Asfalto,Baches,Seca,S/D,Noche,NO,Nublado,S/D,Motocicleta
322,179138,2023-07-13,01:11:00,Urbana,Calle,HIPOLITO YRIGOYEN,1500,SANTA FE,,,2.0,0.0,0.0,2.0,0.0,Colisión entre vehículos,Alcance,2,,Asfalto,Baches,Seca,S/D,Noche,NO,Nublado,S/D,Bicicleta
323,190571,2023-07-12,23:21:00,Urbana,Avenida,CAZADORES CORRENTINOS,3400,CASTELLI,,,1.0,1.0,0.0,2.0,0.0,Colisión entre vehículos,Angulo,2,S/D,Asfalto,Apto,Seca,S/D,Noche,SI,Despejado,S/D,Automóvil
324,190571,2023-07-12,23:21:00,Urbana,Avenida,CAZADORES CORRENTINOS,3400,CASTELLI,,,1.0,1.0,0.0,2.0,0.0,Colisión entre vehículos,Angulo,2,S/D,Asfalto,Apto,Seca,S/D,Noche,SI,Despejado,S/D,Motocicleta
325,196750,2023-07-11,12:30:00,Urbana,Calle,PASAJE CARRILLO,564,,,,2.0,0.0,0.0,2.0,0.0,Colisión entre vehículos,Alcance,2,,Asfalto,Apto,Seca,S/D,Día,,Nublado,S/D,Automóvil
326,196750,2023-07-11,12:30:00,Urbana,Calle,PASAJE CARRILLO,564,,,,2.0,0.0,0.0,2.0,0.0,Colisión entre vehículos,Alcance,2,,Asfalto,Apto,Seca,S/D,Día,,Nublado,S/D,Motocicleta
327,190578,2023-07-07,12:35:00,Urbana,Calle,GUEMEZ,3598,BRAILE,,,2.0,0.0,0.0,2.0,0.0,Colisión entre vehículos,Frontal,2,S/D,Asfalto,Apto,Seca,S/D,Día,,Despejado,Sin Semáforo,Automóvil
328,190578,2023-07-07,12:35:00,Urbana,Calle,GUEMEZ,3598,BRAILE,,,2.0,0.0,0.0,2.0,0.0,Colisión entre vehículos,Frontal,2,S/D,Asfalto,Apto,Seca,S/D,Día,,Despejado,Sin Semáforo,Motocicleta
329,197457,2023-07-06,17:30:00,Urbana,Calle,Av. Maipú,1700,Lyon,,,5.0,1.0,0.0,6.0,0.0,Colisión entre vehículos,Alcance,6,S/D,Asfalto,Apto,Seca,S/D,Día,,Despejado,Funciona,Automóvil
330,197457,2023-07-06,17:30:00,Urbana,Calle,Av. Maipú,1700,Lyon,,,5.0,1.0,0.0,6.0,0.0,Colisión entre vehículos,Alcance,6,S/D,Asfalto,Apto,Seca,S/D,Día,,Despejado,Funciona,Motocicleta
331,197457,2023-07-06,17:30:00,Urbana,Calle,Av. Maipú,1700,Lyon,,,5.0,1.0,0.0,6.0,0.0,Colisión entre vehículos,Alcance,6,S/D,Asfalto,Apto,Seca,S/D,Día,,Despejado,Funciona,Automóvil
332,197457,2023-07-06,17:30:00,Urbana,Calle,Av. Maipú,1700,Lyon,,,5.0,1.0,0.0,6.0,0.0,Colisión entre vehículos,Alcance,6,S/D,Asfalto,Apto,Seca,S/D,Día,,Despejado,Funciona,Automóvil
333,197457,2023-07-06,17:30:00,Urbana,Calle,Av. Maipú,1700,Lyon,,,5.0,1.0,0.0,6.0,0.0,Colisión entre vehículos,Alcance,6,S/D,Asfalto,Apto,Seca,S/D,Día,,Despejado,Funciona,Automóvil
334,197457,2023-07-06,17:30:00,Urbana,Calle,Av. Maipú,1700,Lyon,,,5.0,1.0,0.0,6.0,0.0,Colisión entre vehículos,Alcance,6,S/D,Asfalto,Apto,Seca,S/D,Día,,Despejado,Funciona,Motocicleta
335,201275,2023-07-05,08:30:00,Urbana,Calle,COLON,728,HERNANDARIAS,,,0.0,2.0,0.0,2.0,0.0,Colisión entre vehículos,,2,,Asfalto,Apto,Seca,Asfalto,Día,,Despejado,Sin Semáforo,Motocicleta
336,201275,2023-07-05,08:30:00,Urbana,Calle,COLON,728,HERNANDARIAS,,,0.0,2.0,0.0,2.0,0.0,Colisión entre vehículos,,2,,Asfalto,Apto,Seca,Asfalto,Día,,Despejado,Sin Semáforo,Bicicleta
337,207071,2023-06-29,13:15:00,Urbana,Calle,CARLOS PELLEGRINI,2136,,,,1.0,1.0,0.0,2.0,0.0,Colisión entre vehículos,Lateral,2,S/D,Asfalto,Apto,Seca,Ninguna,Día,,Despejado,S/D,Automóvil
338,207071,2023-06-29,13:15:00,Urbana,Calle,CARLOS PELLEGRINI,2136,,,,1.0,1.0,0.0,2.0,0.0,Colisión entre vehículos,Lateral,2,S/D,Asfalto,Apto,Seca,Ninguna,Día,,Despejado,S/D,Motocicleta
339,196748,2023-06-28,04:00:00,Urbana,Avenida,MAIPU,2700,SANTA CATALINA Y ASUNCION,,,2.0,0.0,0.0,2.0,0.0,Colisión entre vehículos,Angulo,2,S/D,Asfalto,Apto,Mojada,,Noche,SI,Niebla / Neblina,Sin Semáforo,Automóvil
340,196748,2023-06-28,04:00:00,Urbana,Avenida,MAIPU,2700,SANTA CATALINA Y ASUNCION,,,2.0,0.0,0.0,2.0,0.0,Colisión entre vehículos,Angulo,2,S/D,Asfalto,Apto,Mojada,,Noche,SI,Niebla / Neblina,Sin Semáforo,Automóvil
341,199927,2023-06-28,12:30:00,Urbana,Calle,9 DE julio,2100,BRASIL,,,3.0,0.0,0.0,2.0,0.0,Colisión entre vehículos,,2,S/D,Asfalto,Apto,Seca,S/D,Día,,Despejado,Sin Semáforo,Automóvil
342,199927,2023-06-28,12:30:00,Urbana,Calle,9 DE julio,2100,BRASIL,,,3.0,0.0,0.0,2.0,0.0,Colisión entre vehículos,,2,S/D,Asfalto,Apto,Seca,S/D,Día,,Despejado,Sin Semáforo,Motocicleta
343,198246,2023-06-28,00:40:00,Urbana,Calle,CARTAGENA,4293,PITAGORA,,,0.0,0.0,0.0,1.0,0.0,Colisión entre vehículos,Alcance,1,S/D,Asfalto,Apto,Seca,S/D,Noche,SI,S/D,S/D,Camioneta/Utilitario
344,220543,2023-06-27,00:05:00,Urbana,Calle,CAAGUAZU,365,AV PUJOL,-2.746.160,-5.883.035,2.0,0.0,0.0,2.0,0.0,Colisión entre vehículos,,2,,Asfalto,Apto,Seca,Otro,Noche,NO,Despejado,Sin Semáforo,Automóvil
345,220543,2023-06-27,00:05:00,Urbana,Calle,CAAGUAZU,365,AV PUJOL,-2.746.160,-5.883.035,2.0,0.0,0.0,2.0,0.0,Colisión entre vehículos,,2,,Asfalto,Apto,Seca,Otro,Noche,NO,Despejado,Sin Semáforo,Automóvil
346,206809,2023-06-26,10:22:00,Urbana,Calle,BRASIL,776,,-2.746.723,-5.882.385,0.0,1.0,0.0,1.0,0.0,Caída desde vehículo,,1,,Asfalto,Apto,Seca,S/D,Día,,Nublado,Sin Semáforo,Motocicleta
347,207067,2023-06-23,11:40:00,Urbana,Avenida,AV FRONDIZI,3623,,,,1.0,1.0,0.0,1.0,1.0,Atropello a peatón/es,,2,S/D,Asfalto,,Seca,Ninguna,Día,,Despejado,S/D,Motocicleta
348,207067,2023-06-23,11:40:00,Urbana,Avenida,AV FRONDIZI,3623,,,,1.0,1.0,0.0,1.0,1.0,Atropello a peatón/es,,2,S/D,Asfalto,,Seca,Ninguna,Día,,Despejado,S/D,Peatón
349,188346,2023-06-23,17:46:00,Urbana,Calle,AV ESPAÑA,1300,MORENO,,,2.0,0.0,0.0,1.0,1.0,Atropello a peatón/es,Angulo,2,S/D,Asfalto,Apto,Seca,S/D,Día,,Despejado,Sin Semáforo,Automóvil
350,188346,2023-06-23,17:46:00,Urbana,Calle,AV ESPAÑA,1300,MORENO,,,2.0,0.0,0.0,1.0,1.0,Atropello a peatón/es,Angulo,2,S/D,Asfalto,Apto,Seca,S/D,Día,,Despejado,Sin Semáforo,Peatón
351,204301,2023-06-22,11:30:00,Urbana,Calle,GUTEMBERG,2300,TTE. CUNDOM,,,1.0,1.0,0.0,2.0,0.0,Colisión entre vehículos,,2,,Asfalto,Apto,Seca,Asfalto,Día,,Despejado,Sin Semáforo,Automóvil
352,204301,2023-06-22,11:30:00,Urbana,Calle,GUTEMBERG,2300,TTE. CUNDOM,,,1.0,1.0,0.0,2.0,0.0,Colisión entre vehículos,,2,,Asfalto,Apto,Seca,Asfalto,Día,,Despejado,Sin Semáforo,Motocicleta
353,211858,2023-06-22,21:40:00,Urbana,Calle,BELGRANO,300,CHACO,-2.747.124,-5.884.709,2.0,0.0,0.0,2.0,0.0,Colisión entre vehículos,,2,S/D,S/D,Apto,Seca,,Noche,,Despejado,Sin Semáforo,Automóvil
354,211858,2023-06-22,21:40:00,Urbana,Calle,BELGRANO,300,CHACO,-2.747.124,-5.884.709,2.0,0.0,0.0,2.0,0.0,Colisión entre vehículos,,2,S/D,S/D,Apto,Seca,,Noche,,Despejado,Sin Semáforo,Transporte de carga
355,189763,2023-06-22,06:28:00,Urbana,Calle,SAN JUAN,1804,,,,1.0,0.0,0.0,1.0,0.0,Choque,,1,S/D,S/D,Apto,Seca,S/D,Día,,Despejado,S/D,Automóvil
356,190565,2023-06-21,23:11:00,Urbana,Avenida,AV ARMENIA,3102,PASAJE GALARZA,,,2.0,0.0,0.0,2.0,0.0,Colisión entre vehículos,,2,S/D,Asfalto,Apto,Seca,S/D,,,Lluvia,S/D,Automóvil
357,190565,2023-06-21,23:11:00,Urbana,Avenida,AV ARMENIA,3102,PASAJE GALARZA,,,2.0,0.0,0.0,2.0,0.0,Colisión entre vehículos,,2,S/D,Asfalto,Apto,Seca,S/D,,,Lluvia,S/D,Motocicleta
358,193972,2023-06-21,20:30:00,Urbana,Calle,SUIZA,3100,RECONQUISTA,,,1.0,1.0,0.0,2.0,0.0,Colisión entre vehículos,Angulo,2,S/D,Asfalto,Apto,Seca,S/D,Día,,Despejado,Sin Semáforo,Automóvil
359,193972,2023-06-21,20:30:00,Urbana,Calle,SUIZA,3100,RECONQUISTA,,,1.0,1.0,0.0,2.0,0.0,Colisión entre vehículos,Angulo,2,S/D,Asfalto,Apto,Seca,S/D,Día,,Despejado,Sin Semáforo,Motocicleta
360,214669,2023-06-21,10:40:00,Urbana,Avenida,AV INDEPENDENCIA,4300,MEDRANO,,,2.0,0.0,0.0,2.0,0.0,Colisión entre vehículos,Alcance,2,S/D,Asfalto,Apto,Seca,Ninguna,,,Despejado,No Funciona,Automóvil
361,214669,2023-06-21,10:40:00,Urbana,Avenida,AV INDEPENDENCIA,4300,MEDRANO,,,2.0,0.0,0.0,2.0,0.0,Colisión entre vehículos,Alcance,2,S/D,Asfalto,Apto,Seca,Ninguna,,,Despejado,No Funciona,Camioneta/Utilitario
362,179126,2023-06-17,13:35:00,Urbana,Calle,AV PUJOL,2200,BRASIL,,,3.0,0.0,0.0,3.0,0.0,Colisión entre vehículos,,3,,Asfalto,Apto,Seca,S/D,Día,,Lluvia,Sin Semáforo,Automóvil
363,179126,2023-06-17,13:35:00,Urbana,Calle,AV PUJOL,2200,BRASIL,,,3.0,0.0,0.0,3.0,0.0,Colisión entre vehículos,,3,,Asfalto,Apto,Seca,S/D,Día,,Lluvia,Sin Semáforo,Automóvil
364,179126,2023-06-17,13:35:00,Urbana,Calle,AV PUJOL,2200,BRASIL,,,3.0,0.0,0.0,3.0,0.0,Colisión entre vehículos,,3,,Asfalto,Apto,Seca,S/D,Día,,Lluvia,Sin Semáforo,Automóvil
365,190577,2023-06-17,10:20:00,Urbana,Avenida,AV 3 DE ABRIL,1087,SAN JUAN,,,3.0,0.0,0.0,2.0,0.0,Colisión entre vehículos,Angulo,2,S/D,Asfalto,Apto,Seca,S/D,Día,,Despejado,Funciona,Automóvil
366,190577,2023-06-17,10:20:00,Urbana,Avenida,AV 3 DE ABRIL,1087,SAN JUAN,,,3.0,0.0,0.0,2.0,0.0,Colisión entre vehículos,Angulo,2,S/D,Asfalto,Apto,Seca,S/D,Día,,Despejado,Funciona,Camioneta/Utilitario
367,210016,2023-06-17,14:15:00,Urbana,Calle,SAN JUAN,800,HIPOLITO YRIGOYEN,,,1.0,1.0,0.0,2.0,0.0,Colisión entre vehículos,Lateral,2,No obstruido,Asfalto,Apto,Seca,Ninguna,Día,,,Sin Semáforo,Automóvil
368,210016,2023-06-17,14:15:00,Urbana,Calle,SAN JUAN,800,HIPOLITO YRIGOYEN,,,1.0,1.0,0.0,2.0,0.0,Colisión entre vehículos,Lateral,2,No obstruido,Asfalto,Apto,Seca,Ninguna,Día,,,Sin Semáforo,Motocicleta
369,183611,2023-06-17,09:45:00,Urbana,Avenida,AV PEDRO FERRE,2500,AV ARTIGAS,,,0.0,2.0,0.0,2.0,0.0,Colisión entre vehículos,Lateral,2,No obstruido,Asfalto,Apto,Seca,Ninguna,Día,,Despejado,Funciona,Motocicleta
370,183611,2023-06-17,09:45:00,Urbana,Avenida,AV PEDRO FERRE,2500,AV ARTIGAS,,,0.0,2.0,0.0,2.0,0.0,Colisión entre vehículos,Lateral,2,No obstruido,Asfalto,Apto,Seca,Ninguna,Día,,Despejado,Funciona,Motocicleta
371,208322,2023-06-13,07:10:00,Urbana,Avenida,AV GDOR PUJOL,1700,JUJUY,,,1.0,1.0,0.0,2.0,0.0,Colisión entre vehículos,Lateral,2,S/D,Asfalto,Apto,Seca,Ninguna,Día,,Despejado,Funciona,Automóvil