,id_feu,siniestro_fecha,siniestro_hora,zona_ocurrencia,via_publica,nombre_via,altura_km,entre_calle_1,latitud,longitud,ilesos,heridos,fallecidos,vehiculos,peatones,tipo_siniestro_unico,tipo_colision,cantidad_de_involucrados,cono_de_vision,material_de_la_calzada,estado_de_la_calzada,estado_fisico_ambiental,barreras_de_seguridad,luminosidad,luz_artificial,estado_ambiental,semaforo,tipo_involucrado
372,208322,2023-06-13,07:10:00,Urbana,Avenida,AV GDOR PUJOL,1700,JUJUY,,,1.0,1.0,0.0,2.0,0.0,Colisión entre vehículos,Lateral,2,S/D,Asfalto,Apto,Seca,Ninguna,Día,,Despejado,Funciona,Motocicleta
373,186746,2023-06-12,13:47:00,Urbana,Calle,TUCUMAN,900,HIPÓLITO  IRIGOYEN,,,1.0,1.0,0.0,2.0,0.0,Colisión entre vehículos,,2,S/D,Asfalto,Apto,Seca,S/D,Día,,Despejado,S/D,Automóvil
374,186746,2023-06-12,13:47:00,Urbana,Calle,TUCUMAN,900,HIPÓLITO  IRIGOYEN,,,1.0,1.0,0.0,2.0,0.0,Colisión entre vehículos,,2,S/D,Asfalto,Apto,Seca,S/D,Día,,Despejado,S/D,Motocicleta
375,185877,2023-06-10,17:55:00,Urbana,Avenida,AV MAIPU,3400,LORETO,,,2.0,0.0,0.0,2.0,0.0,Colisión entre vehículos,Alcance,2,S/D,Asfalto,Apto,Seca,S/D,Día,,Despejado,S/D,Automóvil
376,185877,2023-06-10,17:55:00,Urbana,Avenida,AV MAIPU,3400,LORETO,,,2.0,0.0,0.0,2.0,0.0,Colisión entre vehículos,Alcance,2,S/D,Asfalto,Apto,Seca,S/D,Día,,Despejado,S/D,Motocicleta
377,202006,2023-06-09,15:35:00,Urbana,Ruta Provincial,5,5,,,,1.0,2.0,0.0,2.0,0.0,Colisión entre vehículos,,2,,Asfalto,Apto,Seca,Asfalto,Día,,Despejado,S/D,Automóvil
378,202006,2023-06-09,15:35:00,Urbana,Ruta Provincial,5,5,,,,1.0,2.0,0.0,2.0,0.0,Colisión entre vehículos,,2,,Asfalto,Apto,Seca,Asfalto,Día,,Despejado,S/D,Motocicleta
379,205449,2023-06-08,18:15:00,Urbana,Calle,LAMADRID,1400,VARGAS GOMEZ,-2.748.215,-5.883.467,1.0,1.0,0.0,2.0,0.0,Colisión entre vehículos,,2,Obstruido,Asfalto,Apto,Seca,Asfalto,Día,,Despejado,Sin Semáforo,Automóvil
380,205449,2023-06-08,18:15:00,Urbana,Calle,LAMADRID,1400,VARGAS GOMEZ,-2.748.215,-5.883.467,1.0,1.0,0.0,2.0,0.0,Colisión entre vehículos,,2,Obstruido,Asfalto,Apto,Seca,Asfalto,Día,,Despejado,Sin Semáforo,Motocicleta
381,190625,2023-06-08,15:27:00,Urbana,Calle,Sta.  Rosa,1600,Ñaembe,,,1.0,1.0,0.0,2.0,0.0,Colisión entre vehículos,Lateral,2,S/D,Asfalto,Apto,Seca,S/D,Día,,Despejado,S/D,Automóvil
382,190625,2023-06-08,15:27:00,Urbana,Calle,Sta.  Rosa,1600,Ñaembe,,,1.0,1.0,0.0,2.0,0.0,Colisión entre vehículos,Lateral,2,S/D,Asfalto,Apto,Seca,S/D,Día,,Despejado,S/D,Motocicleta
383,207702,2023-06-07,12:25:00,Urbana,Avenida,AV 3 DE ABRIL,1200,MENDOZA,,,2.0,0.0,0.0,2.0,0.0,Colisión entre vehículos,Lateral,2,S/D,Asfalto,Apto,Seca,Ninguna,Día,,Despejado,Funciona,Automóvil
384,207702,2023-06-07,12:25:00,Urbana,Avenida,AV 3 DE ABRIL,1200,MENDOZA,,,2.0,0.0,0.0,2.0,0.0,Colisión entre vehículos,Lateral,2,S/D,Asfalto,Apto,Seca,Ninguna,Día,,Despejado,Funciona,Camioneta/Utilitario
385,186755,2023-06-06,11:00:00,Urbana,Avenida,AV FERRE,2200,PERU,,,3.0,0.0,0.0,3.0,0.0,Colisión entre vehículos,Angulo,3,S/D,Asfalto,Apto,Seca,S/D,Día,,Despejado,S/D,Automóvil
386,186755,2023-06-06,11:00:00,Urbana,Avenida,AV FERRE,2200,PERU,,,3.0,0.0,0.0,3.0,0.0,Colisión entre vehículos,Angulo,3,S/D,Asfalto,Apto,Seca,S/D,Día,,Despejado,S/D,Automóvil
387,186755,2023-06-06,11:00:00,Urbana,Avenida,AV FERRE,2200,PERU,,,3.0,0.0,0.0,3.0,0.0,Colisión entre vehículos,Angulo,3,S/D,Asfalto,Apto,Seca,S/D,Día,,Despejado,S/D,Automóvil
388,173976,2023-06-06,13:10:00,Urbana,Calle,MENDOZA,800,JUNIN,,,2.0,0.0,0.0,2.0,0.0,Colisión entre vehículos,Lateral,2,No obstruido,Asfalto,Apto,Seca,Asfalto,Día,,Despejado,Funciona,Automóvil
389,173976,2023-06-06,13:10:00,Urbana,Calle,MENDOZA,800,JUNIN,,,2.0,0.0,0.0,2.0,0.0,Colisión entre vehículos,Lateral,2,No obstruido,Asfalto,Apto,Seca,Asfalto,Día,,Despejado,Funciona,Motocicleta
390,176232,2023-06-05,08:00:00,Urbana,Calle,JUNIN,2000,ROCA,,,0.0,1.0,0.0,1.0,0.0,Caída desde vehículo,,1,,Asfalto,Apto,Seca,S/D,Día,,Despejado,S/D,Motocicleta
391,179132,2023-06-05,18:43:00,Urbana,Avenida,AV 3 DE ABRIL,,BUENOS AIRES,,,1.0,1.0,0.0,2.0,0.0,Colisión entre vehículos,,2,,Asfalto,Apto,Seca,S/D,Día,,Despejado,S/D,Transporte de carga
392,179132,2023-06-05,18:43:00,Urbana,Avenida,AV 3 DE ABRIL,,BUENOS AIRES,,,1.0,1.0,0.0,2.0,0.0,Colisión entre vehículos,,2,,Asfalto,Apto,Seca,S/D,Día,,Despejado,S/D,Automóvil
393,196123,2023-06-05,23:57:00,Urbana,Calle,ROLON,2600,COLOMBIA,-2.746.179,-5.881.657,1.0,1.0,0.0,2.0,0.0,Colisión entre vehículos,,2,,,Apto,Seca,Asfalto,Noche,NO,Despejado,Sin Semáforo,Automóvil
394,196123,2023-06-05,23:57:00,Urbana,Calle,ROLON,2600,COLOMBIA,-2.746.179,-5.881.657,1.0,1.0,0.0,2.0,0.0,Colisión entre vehículos,,2,,,Apto,Seca,Asfalto,Noche,NO,Despejado,Sin Semáforo,Motocicleta
395,212416,2023-06-02,19:30:00,Urbana,Calle,CARTAGENA,3100,CHACABUCO,,,3.0,0.0,0.0,2.0,0.0,Colisión entre vehículos,Lateral,2,,Asfalto,Apto,Seca,Ninguna,,,Despejado,Sin Semáforo,Camioneta/Utilitario
396,212416,2023-06-02,19:30:00,Urbana,Calle,CARTAGENA,3100,CHACABUCO,,,3.0,0.0,0.0,2.0,0.0,Colisión entre vehículos,Lateral,2,,Asfalto,Apto,Seca,Ninguna,,,Despejado,Sin Semáforo,Motocicleta
397,212395,2023-06-02,08:00:00,Urbana,Avenida,ROTONDA PONCHO VERDE,2100,CARLOS PELLEGRINI,,,1.0,1.0,0.0,2.0,0.0,Colisión entre vehículos,Lateral,2,,Asfalto,Apto,Seca,Ninguna,,,Despejado,Sin Semáforo,Automóvil
398,212395,2023-06-02,08:00:00,Urbana,Avenida,ROTONDA PONCHO VERDE,2100,CARLOS PELLEGRINI,,,1.0,1.0,0.0,2.0,0.0,Colisión entre vehículos,Lateral,2,,Asfalto,Apto,Seca,Ninguna,,,Despejado,Sin Semáforo,Motocicleta
399,199935,2023-06-02,09:15:00,Urbana,Calle,MAIPU,3100,,,,2.0,0.0,0.0,2.0,0.0,Colisión entre vehículos,Alcance,2,,Asfalto,Apto,Seca,S/D,Día,,Despejado,Sin Semáforo,Motocicleta
400,199935,2023-06-02,09:15:00,Urbana,Calle,MAIPU,3100,,,,2.0,0.0,0.0,2.0,0.0,Colisión entre vehículos,Alcance,2,,Asfalto,Apto,Seca,S/D,Día,,Despejado,Sin Semáforo,Automóvil
401,205137,2023-06-01,22:00:00,Urbana,Avenida,AV IBERA,2200,AV PAYSANDU,-2.749.946,-5.882.563,0.0,1.0,0.0,1.0,0.0,Caída desde vehículo,,1,S/D,,Apto,Seca,Asfalto,Noche,NO,Despejado,Funciona,Motocicleta
402,209185,2023-05-31,13:35:00,Urbana,Calle,SALTA,1200,,,,1.0,1.0,0.0,2.0,0.0,Colisión entre vehículos,Alcance,2,S/D,Asfalto,Apto,Seca,Ninguna,Día,,Despejado,Sin Semáforo,Automóvil
403,209185,2023-05-31,13:35:00,Urbana,Calle,SALTA,1200,,,,1.0,1.0,0.0,2.0,0.0,Colisión entre vehículos,Alcance,2,S/D,Asfalto,Apto,Seca,Ninguna,Día,,Despejado,Sin Semáforo,Motocicleta
404,198245,2023-05-31,05:30:00,Urbana,Calle,SARMIENTO,,LAS HERAS,,,0.0,1.0,0.0,1.0,0.0,,,1,,S/D,Apto,Seca,S/D,Noche,,Despejado,No Funciona,Motocicleta
405,184889,2023-05-30,08:30:00,Urbana,Calle,ROCA,1185,BOLIVAR,,,0.0,1.0,0.0,1.0,0.0,Caída desde vehículo,,1,,S/D,Apto,Seca,S/D,Día,,S/D,S/D,Motocicleta
406,177719,2023-05-30,19:16:00,Urbana,Avenida,AVENIDA ALTA GRACIA,1600,LOS ATACAMA,-2.750.804,-5.881.335,0.0,1.0,0.0,2.0,0.0,Colisión entre vehículos,,2,No obstruido,Asfalto,Apto,Seca,Ninguna,Día,,Despejado,Funciona,Motocicleta
407,177719,2023-05-30,19:16:00,Urbana,Avenida,AVENIDA ALTA GRACIA,1600,LOS ATACAMA,-2.750.804,-5.881.335,0.0,1.0,0.0,2.0,0.0,Colisión entre vehículos,,2,No obstruido,Asfalto,Apto,Seca,Ninguna,Día,,Despejado,Funciona,Motocicleta
408,179139,2023-05-30,23:49:00,Urbana,Calle,aaa,0,,,,1.0,1.0,0.0,2.0,0.0,Colisión entre vehículos,Angulo,2,,Asfalto,Apto,Seca,,Noche,NO,Nublado,Funciona,Automóvil
409,179139,2023-05-30,23:49:00,Urbana,Calle,aaa,0,,,,1.0,1.0,0.0,2.0,0.0,Colisión entre vehículos,Angulo,2,,Asfalto,Apto,Seca,,Noche,NO,Nublado,Funciona,Motocicleta
410,199929,2023-05-30,08:00:00,Urbana,Calle,ONTIVEROS,1000,MISTRAL,,,0.0,1.0,0.0,1.0,0.0,Caída desde vehículo,,1,S/D,Asfalto,Apto,Seca,S/D,Día,,Despejado,Sin Semáforo,Motocicleta
411,174749,2023-05-30,16:20:00,Urbana,Avenida,AV. R.  ALFONSÍN,3800,LAS PIEDRAS,,,0.0,0.0,0.0,0.0,0.0,Colisión entre vehículos,Lateral,0,,Asfalto,Apto,Seca,Asfalto,Día,,Despejado,Funciona,
412,190626,2023-05-29,18:48:00,Urbana,Calle,BELGRANO,1200,MENDOZA,,,2.0,0.0,0.0,2.0,0.0,Colisión entre vehículos,,2,S/D,Asfalto,Apto,Seca,S/D,Día,,Despejado,S/D,Automóvil
413,190626,2023-05-29,18:48:00,Urbana,Calle,BELGRANO,1200,MENDOZA,,,2.0,0.0,0.0,2.0,0.0,Colisión entre vehículos,,2,S/D,Asfalto,Apto,Seca,S/D,Día,,Despejado,S/D,Automóvil
414,187370,2023-05-29,08:21:00,Urbana,Avenida,AV ARMENIA,3800,22 DE mayo,,,1.0,1.0,0.0,2.0,0.0,Colisión entre vehículos,Alcance,2,,Asfalto,Apto,Mojada,S/D,Día,,Lluvia,,Automóvil
415,187370,2023-05-29,08:21:00,Urbana,Avenida,AV ARMENIA,3800,22 DE mayo,,,1.0,1.0,0.0,2.0,0.0,Colisión entre vehículos,Alcance,2,,Asfalto,Apto,Mojada,S/D,Día,,Lluvia,,Motocicleta
416,197498,2023-05-29,14:50:00,Urbana,Calle,AYACUCHO,2500,CHACABUCO,,,3.0,0.0,0.0,2.0,0.0,Colisión entre vehículos,,2,S/D,Asfalto,Apto,Seca,S/D,Día,,Nublado,Funciona,Motocicleta
417,197498,2023-05-29,14:50:00,Urbana,Calle,AYACUCHO,2500,CHACABUCO,,,3.0,0.0,0.0,2.0,0.0,Colisión entre vehículos,,2,S/D,Asfalto,Apto,Seca,S/D,Día,,Nublado,Funciona,Motocicleta
418,186780,2023-05-28,07:15:00,Urbana,Avenida,AV MAIPU,3100,,,,1.0,0.0,0.0,1.0,0.0,Caída desde vehículo,,1,S/D,Asfalto,Apto,Mojada,,Día,,Nublado,Sin Semáforo,Motocicleta
419,205299,2023-05-28,07:45:00,Urbana,Avenida,AV ARTIGAS,1100,BOLIVAR,-2.747.271,-5.881.883,2.0,0.0,0.0,2.0,0.0,Colisión entre vehículos,,2,S/D,Asfalto,Apto,Seca,Ninguna,Día,,Despejado,Sin Semáforo,Automóvil
420,205299,2023-05-28,07:45:00,Urbana,Avenida,AV ARTIGAS,1100,BOLIVAR,-2.747.271,-5.881.883,2.0,0.0,0.0,2.0,0.0,Colisión entre vehículos,,2,S/D,Asfalto,Apto,Seca,Ninguna,Día,,Despejado,Sin Semáforo,Camioneta/Utilitario
421,177720,2023-05-28,08:50:00,Urbana,Calle,BUENOS AIRES,600,25 DE mayo,-2.746.384,-5.884.022,3.0,0.0,0.0,2.0,0.0,Colisión entre vehículos,,2,No obstruido,Adoquín,Apto,Seca,Ninguna,Día,,Despejado,Sin Semáforo,Automóvil
422,177720,2023-05-28,08:50:00,Urbana,Calle,BUENOS AIRES,600,25 DE mayo,-2.746.384,-5.884.022,3.0,0.0,0.0,2.0,0.0,Colisión entre vehículos,,2,No obstruido,Adoquín,Apto,Seca,Ninguna,Día,,Despejado,Sin Semáforo,Motocicleta
423,201983,2023-05-25,07:10:00,Urbana,Calle,PLACIDO MARTINEZ,886,,,,2.0,0.0,0.0,2.0,0.0,Colisión entre vehículos,Angulo,2,,Asfalto,Apto,Seca,Asfalto,Día,,Despejado,Sin Semáforo,Automóvil
424,201983,2023-05-25,07:10:00,Urbana,Calle,PLACIDO MARTINEZ,886,,,,2.0,0.0,0.0,2.0,0.0,Colisión entre vehículos,Angulo,2,,Asfalto,Apto,Seca,Asfalto,Día,,Despejado,Sin Semáforo,Transporte de carga
425,190133,2023-05-24,09:00:00,Urbana,Avenida,AV GOBERNADOR PUJOL,2200,,,,0.0,2.0,0.0,2.0,0.0,Colisión entre vehículos,Alcance,2,,Asfalto,Apto,Seca,,Día,,Despejado,,Camioneta/Utilitario
426,190133,2023-05-24,09:00:00,Urbana,Avenida,AV GOBERNADOR PUJOL,2200,,,,0.0,2.0,0.0,2.0,0.0,Colisión entre vehículos,Alcance,2,,Asfalto,Apto,Seca,,Día,,Despejado,,Transporte de pasajeros
427,207685,2023-05-23,13:20:00,Urbana,Calle,RECONQUISTA,1400,SUIZA,,,1.0,1.0,0.0,2.0,0.0,Colisión entre vehículos,Rozamiento,2,S/D,Asfalto,Apto,Seca,Ninguna,Día,,Despejado,Sin Semáforo,Automóvil
428,207685,2023-05-23,13:20:00,Urbana,Calle,RECONQUISTA,1400,SUIZA,,,1.0,1.0,0.0,2.0,0.0,Colisión entre vehículos,Rozamiento,2,S/D,Asfalto,Apto,Seca,Ninguna,Día,,Despejado,Sin Semáforo,Camioneta/Utilitario
429,190145,2023-05-23,21:45:00,Urbana,Ruta Nacional,12,5.1 KM,RUTA NACIONAL 12,-2.751.802,-5.872.330,0.0,2.0,0.0,2.0,0.0,Colisión entre vehículos,Angulo,2,,Asfalto,Apto,Seca,,Noche,NO,Despejado,,Automóvil
430,190145,2023-05-23,21:45:00,Urbana,Ruta Nacional,12,5.1 KM,RUTA NACIONAL 12,-2.751.802,-5.872.330,0.0,2.0,0.0,2.0,0.0,Colisión entre vehículos,Angulo,2,,Asfalto,Apto,Seca,,Noche,NO,Despejado,,Motocicleta
431,207687,2023-05-20,06:40:00,Urbana,Avenida,AV TTE IBAÑEZ,600,GUSTAVINO,,,0.0,1.0,0.0,1.0,0.0,Choque,,1,S/D,Asfalto,Apto,Seca,Ninguna,Día,,Despejado,Sin Semáforo,Automóvil
432,179155,2023-05-19,00:30:00,Urbana,Avenida,AV INDEPENDENCIA,0,GODOY CRUZ,,,2.0,0.0,0.0,2.0,0.0,Colisión entre vehículos,Alcance,2,,Asfalto,Apto,Seca,S/D,Noche,NO,Despejado,S/D,Automóvil
433,179155,2023-05-19,00:30:00,Urbana,Avenida,AV INDEPENDENCIA,0,GODOY CRUZ,,,2.0,0.0,0.0,2.0,0.0,Colisión entre vehículos,Alcance,2,,Asfalto,Apto,Seca,S/D,Noche,NO,Despejado,S/D,Transporte de carga
434,194018,2023-05-19,14:40:00,Urbana,Avenida,AV  ARTIGAS,1300,BELGRANO,,,1.0,1.0,0.0,2.0,0.0,Colisión entre vehículos,Angulo,2,S/D,S/D,Apto,Seca,S/D,Día,,Despejado,S/D,Motocicleta
435,194018,2023-05-19,14:40:00,Urbana,Avenida,AV  ARTIGAS,1300,BELGRANO,,,1.0,1.0,0.0,2.0,0.0,Colisión entre vehículos,Angulo,2,S/D,S/D,Apto,Seca,S/D,Día,,Despejado,S/D,Automóvil
436,207698,2023-05-18,19:20:00,Urbana,Avenida,AV INDEPENDENCIA,3400,,,,1.0,1.0,0.0,2.0,0.0,Colisión entre vehículos,Alcance,2,S/D,Asfalto,Apto,Seca,Ninguna,Noche,NO,Despejado,Funciona,Automóvil
437,207698,2023-05-18,19:20:00,Urbana,Avenida,AV INDEPENDENCIA,3400,,,,1.0,1.0,0.0,2.0,0.0,Colisión entre vehículos,Alcance,2,S/D,Asfalto,Apto,Seca,Ninguna,Noche,NO,Despejado,Funciona,Motocicleta
438,212422,2023-05-17,12:26:00,Urbana,Calle,LAVALLE,1877,PARAGUAY,,,2.0,0.0,0.0,2.0,0.0,Colisión entre vehículos,Lateral,2,No obstruido,Asfalto,Apto,Seca,Ninguna,Día,,Despejado,Sin Semáforo,Automóvil
439,212422,2023-05-17,12:26:00,Urbana,Calle,LAVALLE,1877,PARAGUAY,,,2.0,0.0,0.0,2.0,0.0,Colisión entre vehículos,Lateral,2,No obstruido,Asfalto,Apto,Seca,Ninguna,Día,,Despejado,Sin Semáforo,Automóvil
440,188340,2023-05-16,07:15:00,Urbana,Avenida,AV MAIPU,3100,,,,0.0,1.0,0.0,1.0,0.0,Caída desde vehículo,,1,S/D,Asfalto,Apto,Seca,S/D,Día,,Nublado,Sin Semáforo,Motocicleta
441,185844,2023-05-15,13:20:00,Urbana,Avenida,AV INDEPENDENCIA,3600,,,,4.0,0.0,0.0,3.0,0.0,Colisión entre vehículos,Alcance,3,S/D,Asfalto,Apto,Seca,S/D,Día,,Despejado,S/D,Automóvil
442,185844,2023-05-15,13:20:00,Urbana,Avenida,AV INDEPENDENCIA,3600,,,,4.0,0.0,0.0,3.0,0.0,Colisión entre vehículos,Alcance,3,S/D,Asfalto,Apto,Seca,S/D,Día,,Despejado,S/D,Automóvil
443,185844,2023-05-15,13:20:00,Urbana,Avenida,AV INDEPENDENCIA,3600,,,,4.0,0.0,0.0,3.0,0.0,Colisión entre vehículos,Alcance,3,S/D,Asfalto,Apto,Seca,S/D,Día,,Despejado,S/D,Automóvil
444,209224,2023-05-15,23:00:00,Urbana,Avenida,AV RAUL ALFONSIN,3500,AV GREGORIO POMAR,,,1.0,1.0,0.0,2.0,0.0,Colisión entre vehículos,Frontal,2,No obstruido,Asfalto,Apto,Seca,Ninguna,Noche,NO,Despejado,Funciona,Automóvil
445,209224,2023-05-15,23:00:00,Urbana,Avenida,AV RAUL ALFONSIN,3500,AV GREGORIO POMAR,,,1.0,1.0,0.0,2.0,0.0,Colisión entre vehículos,Frontal,2,No obstruido,Asfalto,Apto,Seca,Ninguna,Noche,NO,Despejado,Funciona,Bicicleta
446,180925,2023-05-15,16:50:00,Urbana,Calle,JUJUY,0,MORENO,,,1.0,1.0,0.0,2.0,0.0,Colisión entre vehículos,,2,,Asfalto,Apto,Seca,S/D,Día,,Despejado,Sin Semáforo,Automóvil
447,180925,2023-05-15,16:50:00,Urbana,Calle,JUJUY,0,MORENO,,,1.0,1.0,0.0,2.0,0.0,Colisión entre vehículos,,2,,Asfalto,Apto,Seca,S/D,Día,,Despejado,Sin Semáforo,Motocicleta
448,198249,2023-05-13,18:22:00,Urbana,Calle,SUIZA,1400,RECONQUISTA,,,1.0,1.0,0.0,2.0,0.0,Colisión entre vehículos,,2,S/D,S/D,Apto,Seca,S/D,Día,,Despejado,S/D,Automóvil
449,198249,2023-05-13,18:22:00,Urbana,Calle,SUIZA,1400,RECONQUISTA,,,1.0,1.0,0.0,2.0,0.0,Colisión entre vehículos,,2,S/D,S/D,Apto,Seca,S/D,Día,,Despejado,S/D,Motocicleta
450,216586,2023-05-13,11:35:00,Urbana,Avenida,AV 3 DE ABRIL,600,,,,1.0,1.0,0.0,2.0,0.0,Choque,,2,S/D,Asfalto,Apto,Seca,Ninguna,Día,,Despejado,Funciona,Motocicleta
451,216586,2023-05-13,11:35:00,Urbana,Avenida,AV 3 DE ABRIL,600,,,,1.0,1.0,0.0,2.0,0.0,Choque,,2,S/D,Asfalto,Apto,Seca,Ninguna,Día,,Despejado,Funciona,Automóvil
452,190628,2023-05-12,07:35:00,Urbana,Avenida,Tte. Ibañes,2200,CONTE,,,2.0,0.0,0.0,2.0,0.0,Colisión entre vehículos,,2,,Asfalto,Apto,Seca,S/D,Día,,Despejado,S/D,Automóvil
453,190628,2023-05-12,07:35:00,Urbana,Avenida,Tte. Ibañes,2200,CONTE,,,2.0,0.0,0.0,2.0,0.0,Colisión entre vehículos,,2,,Asfalto,Apto,Seca,S/D,Día,,Despejado,S/D,Motocicleta
454,197499,2023-05-11,23:00:00,Urbana,Calle,LAMADRID,704,,,,3.0,0.0,0.0,3.0,0.0,Colisión entre vehículos,Lateral,3,,Asfalto,Apto,Seca,S/D,Noche,SI,Despejado,Sin Semáforo,Transporte de carga
455,197499,2023-05-11,23:00:00,Urbana,Calle,LAMADRID,704,,,,3.0,0.0,0.0,3.0,0.0,Colisión entre vehículos,Lateral,3,,Asfalto,Apto,Seca,S/D,Noche,SI,Despejado,Sin Semáforo,Automóvil
456,197499,2023-05-11,23:00:00,Urbana,Calle,LAMADRID,704,,,,3.0,0.0,0.0,3.0,0.0,Colisión entre vehículos,Lateral,3,,Asfalto,Apto,Seca,S/D,Noche,SI,Despejado,Sin Semáforo,Automóvil
457,180927,2023-05-10,17:35:00,Urbana,Avenida,AV ARMENIA,0,,,,2.0,0.0,0.0,2.0,0.0,Colisión entre vehículos,,2,,,Apto,Seca,,Día,,Despejado,Sin Semáforo,Automóvil
458,180927,2023-05-10,17:35:00,Urbana,Avenida,AV ARMENIA,0,,,,2.0,0.0,0.0,2.0,0.0,Colisión entre vehículos,,2,,,Apto,Seca,,Día,,Despejado,Sin Semáforo,Motocicleta
459,199952,2023-05-10,13:00:00,Urbana,Calle,BOLIVAR,1600,1600,,,1.0,1.0,0.0,2.0,0.0,Colisión entre vehículos,,2,S/D,Asfalto,Apto,Mojada,Asfalto,Día,,Lluvia,S/D,Automóvil
460,199952,2023-05-10,13:00:00,Urbana,Calle,BOLIVAR,1600,1600,,,1.0,1.0,0.0,2.0,0.0,Colisión entre vehículos,,2,S/D,Asfalto,Apto,Mojada,Asfalto,Día,,Lluvia,S/D,Motocicleta
461,207545,2023-05-09,18:25:00,Urbana,Avenida,MAIPU,1425,GOYA,,,1.0,1.0,0.0,2.0,0.0,Colisión entre vehículos,Lateral,2,S/D,Asfalto,Apto,Seca,Ninguna,Día,,Despejado,S/D,Motocicleta
462,207545,2023-05-09,18:25:00,Urbana,Avenida,MAIPU,1425,GOYA,,,1.0,1.0,0.0,2.0,0.0,Colisión entre vehículos,Lateral,2,S/D,Asfalto,Apto,Seca,Ninguna,Día,,Despejado,S/D,Bicicleta
463,209201,2023-05-09,10:50:00,Urbana,Calle,CARLOS PELLEGRINI,1600,JUJUY,,,1.0,1.0,0.0,2.0,0.0,Colisión entre vehículos,Lateral,2,S/D,Asfalto,Apto,Seca,Ninguna,Día,,Despejado,Sin Semáforo,Automóvil
464,209201,2023-05-09,10:50:00,Urbana,Calle,CARLOS PELLEGRINI,1600,JUJUY,,,1.0,1.0,0.0,2.0,0.0,Colisión entre vehículos,Lateral,2,S/D,Asfalto,Apto,Seca,Ninguna,Día,,Despejado,Sin Semáforo,Motocicleta
465,209227,2023-05-09,11:00:00,Urbana,Avenida,AV ARMENIA,4200,EL CEIBO,,,0.0,1.0,0.0,1.0,0.0,Caída desde vehículo,,1,S/D,Asfalto,Apto,Mojada,Ninguna,Día,,Despejado,Funciona,Motocicleta