,id_feu,siniestro_fecha,siniestro_hora,zona_ocurrencia,via_publica,nombre_via,altura_km,entre_calle_1,latitud,longitud,ilesos,heridos,fallecidos,vehiculos,peatones,tipo_siniestro_unico,tipo_colision,cantidad_de_involucrados,cono_de_vision,material_de_la_calzada,estado_de_la_calzada,estado_fisico_ambiental,barreras_de_seguridad,luminosidad,luz_artificial,estado_ambiental,semaforo,tipo_involucrado
466,185857,2023-05-08,18:00:00,Urbana,Avenida,AV CENTENARIO,4200,NIÑO JESUS,,,2.0,0.0,0.0,2.0,0.0,Colisión entre vehículos,Angulo,2,S/D,Asfalto,Apto,Seca,S/D,Día,,Despejado,S/D,Automóvil
467,185857,2023-05-08,18:00:00,Urbana,Avenida,AV CENTENARIO,4200,NIÑO JESUS,,,2.0,0.0,0.0,2.0,0.0,Colisión entre vehículos,Angulo,2,S/D,Asfalto,Apto,Seca,S/D,Día,,Despejado,S/D,Motocicleta
468,177796,2023-05-07,08:09:00,Urbana,Avenida,AV FERRE,2800,CHILE,,,1.0,2.0,0.0,2.0,0.0,Colisión entre vehículos,,2,S/D,Asfalto,Apto,Seca,S/D,Día,,Despejado,S/D,Automóvil
469,177796,2023-05-07,08:09:00,Urbana,Avenida,AV FERRE,2800,CHILE,,,1.0,2.0,0.0,2.0,0.0,Colisión entre vehículos,,2,S/D,Asfalto,Apto,Seca,S/D,Día,,Despejado,S/D,Motocicleta
470,186717,2023-05-05,07:50:00,Urbana,Calle,SALTA,700,,,,2.0,0.0,0.0,2.0,0.0,Colisión entre vehículos,Frontal,2,S/D,Asfalto,Apto,Seca,S/D,Día,,Despejado,S/D,Automóvil
471,186717,2023-05-05,07:50:00,Urbana,Calle,SALTA,700,,,,2.0,0.0,0.0,2.0,0.0,Colisión entre vehículos,Frontal,2,S/D,Asfalto,Apto,Seca,S/D,Día,,Despejado,S/D,Motocicleta
472,215308,2023-05-04,11:55:00,Urbana,Avenida,MAIPU,3200,,,,2.0,0.0,0.0,2.0,0.0,Colisión entre vehículos,Lateral,2,S/D,Asfalto,Apto,,Ninguna,Día,,Despejado,Funciona,Automóvil
473,215308,2023-05-04,11:55:00,Urbana,Avenida,MAIPU,3200,,,,2.0,0.0,0.0,2.0,0.0,Colisión entre vehículos,Lateral,2,S/D,Asfalto,Apto,,Ninguna,Día,,Despejado,Funciona,Motocicleta
474,177723,2023-05-01,11:27:00,Urbana,Avenida,AV SANTA CATALINA,24000,MOCORETA,,,2.0,0.0,0.0,2.0,0.0,Colisión entre vehículos,,2,,S/D,Apto,Seca,S/D,Día,,Despejado,S/D,Automóvil
475,177723,2023-05-01,11:27:00,Urbana,Avenida,AV SANTA CATALINA,24000,MOCORETA,,,2.0,0.0,0.0,2.0,0.0,Colisión entre vehículos,,2,,S/D,Apto,Seca,S/D,Día,,Despejado,S/D,Motocicleta
476,198234,2023-05-01,12:25:00,Urbana,Calle,3 DE abril,1280,,,,1.0,1.0,0.0,2.0,0.0,,,2,,S/D,,"S/D, S/D FisicoAmbiental",S/D,,,S/D,S/D,Automóvil
477,198234,2023-05-01,12:25:00,Urbana,Calle,3 DE abril,1280,,,,1.0,1.0,0.0,2.0,0.0,,,2,,S/D,,"S/D, S/D FisicoAmbiental",S/D,,,S/D,S/D,Motocicleta
478,212415,2023-05-01,14:42:00,Urbana,Avenida,AV IV CENTENARIO,2900,TRIUNVIRATO,,,1.0,1.0,0.0,2.0,0.0,Colisión entre vehículos,Lateral,2,No obstruido,Asfalto,Apto,Seca,Ninguna,Día,,Despejado,Sin Semáforo,Automóvil
479,212415,2023-05-01,14:42:00,Urbana,Avenida,AV IV CENTENARIO,2900,TRIUNVIRATO,,,1.0,1.0,0.0,2.0,0.0,Colisión entre vehículos,Lateral,2,No obstruido,Asfalto,Apto,Seca,Ninguna,Día,,Despejado,Sin Semáforo,Transporte de carga
480,190582,2023-05-01,09:05:00,Urbana,Calle,SAN MARTIN,708,TUCUMAN,,,2.0,0.0,0.0,2.0,0.0,Colisión entre vehículos,Angulo,2,S/D,Asfalto,Apto,Seca,S/D,Día,,Despejado,Funciona,Automóvil
481,190582,2023-05-01,09:05:00,Urbana,Calle,SAN MARTIN,708,TUCUMAN,,,2.0,0.0,0.0,2.0,0.0,Colisión entre vehículos,Angulo,2,S/D,Asfalto,Apto,Seca,S/D,Día,,Despejado,Funciona,Motocicleta
482,199937,2023-04-30,10:57:00,Urbana,Avenida,MAIPU,588,TENIENTE IBAÑEZ,,,1.0,1.0,0.0,2.0,0.0,Colisión entre vehículos,,2,S/D,Asfalto,Apto,Seca,S/D,Día,,Despejado,S/D,Automóvil
483,199937,2023-04-30,10:57:00,Urbana,Avenida,MAIPU,588,TENIENTE IBAÑEZ,,,1.0,1.0,0.0,2.0,0.0,Colisión entre vehículos,,2,S/D,Asfalto,Apto,Seca,S/D,Día,,Despejado,S/D,Motocicleta
484,205308,2023-04-30,09:24:00,Urbana,Calle,SUIZA,3000,MORENO,-2.747.546,-5.881.400,2.0,0.0,0.0,2.0,0.0,Colisión entre vehículos,,2,S/D,Asfalto,Apto,Seca,Ninguna,Día,,Despejado,Funciona,Automóvil
485,205308,2023-04-30,09:24:00,Urbana,Calle,SUIZA,3000,MORENO,-2.747.546,-5.881.400,2.0,0.0,0.0,2.0,0.0,Colisión entre vehículos,,2,S/D,Asfalto,Apto,Seca,Ninguna,Día,,Despejado,Funciona,Motocicleta
486,196752,2023-04-30,22:40:00,Urbana,Calle,VELEZ SARDFIELD,300,JOSE MARIA ROLON,,,1.0,1.0,0.0,2.0,0.0,Colisión entre vehículos,Frontal,2,,Asfalto,Apto,Seca,,Noche,SI,Nublado,Sin Semáforo,Motocicleta
487,196752,2023-04-30,22:40:00,Urbana,Calle,VELEZ SARDFIELD,300,JOSE MARIA ROLON,,,1.0,1.0,0.0,2.0,0.0,Colisión entre vehículos,Frontal,2,,Asfalto,Apto,Seca,,Noche,SI,Nublado,Sin Semáforo,Automóvil
488,187368,2023-04-29,20:05:00,Urbana,Avenida,AVENIDA FERRE,2800,,,,5.0,1.0,0.0,3.0,0.0,Colisión entre vehículos,Alcance,3,S/D,Asfalto,Apto,Seca,S/D,Noche,NO,Despejado,Sin Semáforo,Automóvil
489,187368,2023-04-29,20:05:00,Urbana,Avenida,AVENIDA FERRE,2800,,,,5.0,1.0,0.0,3.0,0.0,Colisión entre vehículos,Alcance,3,S/D,Asfalto,Apto,Seca,S/D,Noche,NO,Despejado,Sin Semáforo,Automóvil
490,187368,2023-04-29,20:05:00,Urbana,Avenida,AVENIDA FERRE,2800,,,,5.0,1.0,0.0,3.0,0.0,Colisión entre vehículos,Alcance,3,S/D,Asfalto,Apto,Seca,S/D,Noche,NO,Despejado,Sin Semáforo,Automóvil
491,181830,2023-04-29,13:45:00,Urbana,Calle,SAN JUAN,1100,,,,2.0,1.0,0.0,2.0,0.0,Colisión entre vehículos,,2,S/D,Asfalto,Apto,Seca,S/D,Día,,Despejado,Sin Semáforo,Automóvil
492,181830,2023-04-29,13:45:00,Urbana,Calle,SAN JUAN,1100,,,,2.0,1.0,0.0,2.0,0.0,Colisión entre vehículos,,2,S/D,Asfalto,Apto,Seca,S/D,Día,,Despejado,Sin Semáforo,Motocicleta
493,212937,2023-04-29,05:00:00,Urbana,Avenida,AV INDEPENDENCIA,3100,BANDA CENTRAL SUR,,,2.0,0.0,0.0,2.0,0.0,Choque,,2,,Asfalto,Apto,Seca,Ninguna,Noche,NO,Despejado,S/D,Automóvil
494,212937,2023-04-29,05:00:00,Urbana,Avenida,AV INDEPENDENCIA,3100,BANDA CENTRAL SUR,,,2.0,0.0,0.0,2.0,0.0,Choque,,2,,Asfalto,Apto,Seca,Ninguna,Noche,NO,Despejado,S/D,Otro
495,177753,2023-04-28,11:46:00,Urbana,Avenida,AV FERRE,2873,,,,3.0,0.0,0.0,3.0,0.0,Colisión entre vehículos,,3,,,Apto,Seca,,Día,,Despejado,S/D,Automóvil
496,177753,2023-04-28,11:46:00,Urbana,Avenida,AV FERRE,2873,,,,3.0,0.0,0.0,3.0,0.0,Colisión entre vehículos,,3,,,Apto,Seca,,Día,,Despejado,S/D,Camioneta/Utilitario
497,177753,2023-04-28,11:46:00,Urbana,Avenida,AV FERRE,2873,,,,3.0,0.0,0.0,3.0,0.0,Colisión entre vehículos,,3,,,Apto,Seca,,Día,,Despejado,S/D,Transporte de carga
498,190621,2023-04-28,10:27:00,Urbana,Avenida,CAZADORES CORRENTINOS,4500,,,,1.0,2.0,0.0,2.0,0.0,Colisión entre vehículos,Angulo,2,S/D,Asfalto,Apto,Seca,S/D,Día,,Despejado,S/D,Automóvil
499,190621,2023-04-28,10:27:00,Urbana,Avenida,CAZADORES CORRENTINOS,4500,,,,1.0,2.0,0.0,2.0,0.0,Colisión entre vehículos,Angulo,2,S/D,Asfalto,Apto,Seca,S/D,Día,,Despejado,S/D,Motocicleta
500,177713,2023-04-28,07:50:00,Urbana,Calle,BRASIL,1378,,-2.747.407,-5.882.476,1.0,1.0,0.0,2.0,0.0,Colisión entre vehículos,,2,No obstruido,Asfalto,Apto,Seca,Ninguna,Día,,Despejado,Sin Semáforo,Motocicleta
501,177713,2023-04-28,07:50:00,Urbana,Calle,BRASIL,1378,,-2.747.407,-5.882.476,1.0,1.0,0.0,2.0,0.0,Colisión entre vehículos,,2,No obstruido,Asfalto,Apto,Seca,Ninguna,Día,,Despejado,Sin Semáforo,Camioneta/Utilitario
502,185863,2023-04-28,19:50:00,Urbana,Avenida,AV ARMENIA,4800,PEDERNERA,,,1.0,1.0,0.0,2.0,0.0,Colisión entre vehículos,Alcance,2,,Asfalto,Apto,Seca,S/D,Noche,SI,Despejado,S/D,Automóvil
503,185863,2023-04-28,19:50:00,Urbana,Avenida,AV ARMENIA,4800,PEDERNERA,,,1.0,1.0,0.0,2.0,0.0,Colisión entre vehículos,Alcance,2,,Asfalto,Apto,Seca,S/D,Noche,SI,Despejado,S/D,Motocicleta
504,189766,2023-04-27,18:50:00,Urbana,Calle,AVENIDA ARTIGAS,1200,BELGRANO,,,3.0,1.0,0.0,2.0,0.0,Colisión entre vehículos,,2,S/D,Asfalto,Apto,Seca,S/D,Noche,SI,Despejado,S/D,Automóvil
505,189766,2023-04-27,18:50:00,Urbana,Calle,AVENIDA ARTIGAS,1200,BELGRANO,,,3.0,1.0,0.0,2.0,0.0,Colisión entre vehículos,,2,S/D,Asfalto,Apto,Seca,S/D,Noche,SI,Despejado,S/D,Motocicleta
506,198248,2023-04-27,15:00:00,Urbana,Calle,CHACABUCO,1600,LAVALLE,,,0.0,2.0,0.0,2.0,0.0,Colisión entre vehículos,Angulo,2,S/D,S/D,Apto,Seca,S/D,Día,,Despejado,S/D,Automóvil
507,198248,2023-04-27,15:00:00,Urbana,Calle,CHACABUCO,1600,LAVALLE,,,0.0,2.0,0.0,2.0,0.0,Colisión entre vehículos,Angulo,2,S/D,S/D,Apto,Seca,S/D,Día,,Despejado,S/D,Motocicleta
508,183612,2023-04-26,10:00:00,Urbana,Calle,COLOMBIA,1300,,,,1.0,1.0,0.0,2.0,0.0,Colisión entre vehículos,Lateral,2,No obstruido,Asfalto,Apto,Seca,Ninguna,Día,,Despejado,Sin Semáforo,Automóvil
509,183612,2023-04-26,10:00:00,Urbana,Calle,COLOMBIA,1300,,,,1.0,1.0,0.0,2.0,0.0,Colisión entre vehículos,Lateral,2,No obstruido,Asfalto,Apto,Seca,Ninguna,Día,,Despejado,Sin Semáforo,Motocicleta
510,197454,2023-04-24,04:30:00,Urbana,Calle,BUENOS AIRES,700,3 DE abril,,,2.0,0.0,0.0,2.0,0.0,Colisión entre vehículos,Lateral,2,,Asfalto,Apto,Seca,S/D,Noche,SI,Despejado,Sin Semáforo,Transporte de carga
511,197454,2023-04-24,04:30:00,Urbana,Calle,BUENOS AIRES,700,3 DE abril,,,2.0,0.0,0.0,2.0,0.0,Colisión entre vehículos,Lateral,2,,Asfalto,Apto,Seca,S/D,Noche,SI,Despejado,Sin Semáforo,Transporte de carga
512,178619,2023-04-23,13:01:00,Urbana,Avenida,CHACABUCO,3000,Av. FERRE,,,1.0,1.0,0.0,2.0,0.0,S/D,,2,,Asfalto,Apto,Seca,S/D,Día,,Despejado,S/D,Camioneta/Utilitario
513,178619,2023-04-23,13:01:00,Urbana,Avenida,CHACABUCO,3000,Av. FERRE,,,1.0,1.0,0.0,2.0,0.0,S/D,,2,,Asfalto,Apto,Seca,S/D,Día,,Despejado,S/D,Motocicleta
514,186716,2023-04-23,01:31:00,Urbana,Avenida,AV SARMIENTO,2400,LA PAMPA,,,0.0,1.0,0.0,1.0,0.0,Despeñamiento,,1,,Asfalto,Apto,Seca,S/D,Noche,NO,Despejado,Sin Semáforo,Motocicleta
515,205604,2023-04-21,06:45:00,Urbana,Calle,GUTENBERG,2200,MADARIAGA,,,2.0,0.0,0.0,2.0,0.0,Colisión entre vehículos,Lateral,2,S/D,Asfalto,Apto,Seca,Ninguna,Día,,Despejado,Sin Semáforo,Automóvil
516,205604,2023-04-21,06:45:00,Urbana,Calle,GUTENBERG,2200,MADARIAGA,,,2.0,0.0,0.0,2.0,0.0,Colisión entre vehículos,Lateral,2,S/D,Asfalto,Apto,Seca,Ninguna,Día,,Despejado,Sin Semáforo,Motocicleta
517,190566,2023-04-21,08:31:00,Urbana,Avenida,MAIPU,1700,FRAGATA HERCULES,,,2.0,0.0,0.0,2.0,0.0,Colisión entre vehículos,Alcance,2,S/D,Asfalto,Apto,Seca,S/D,Día,,Despejado,Funciona,Automóvil
518,190566,2023-04-21,08:31:00,Urbana,Avenida,MAIPU,1700,FRAGATA HERCULES,,,2.0,0.0,0.0,2.0,0.0,Colisión entre vehículos,Alcance,2,S/D,Asfalto,Apto,Seca,S/D,Día,,Despejado,Funciona,Automóvil
519,201246,2023-04-20,12:30:00,Urbana,Ruta Nacional,12,1034,,,,0.0,1.0,0.0,2.0,0.0,Colisión entre vehículos,,2,,Asfalto,Apto,Seca,S/D,Día,,Despejado,S/D,Motocicleta
520,201246,2023-04-20,12:30:00,Urbana,Ruta Nacional,12,1034,,,,0.0,1.0,0.0,2.0,0.0,Colisión entre vehículos,,2,,Asfalto,Apto,Seca,S/D,Día,,Despejado,S/D,Camioneta/Utilitario
521,176233,2023-04-20,09:25:00,Urbana,Ruta Nacional,12,1030,CAZADORES CORRENTINOS,,,0.0,1.0,0.0,1.0,0.0,Colisión entre vehículos,,1,,Asfalto,Apto,Seca,S/D,Día,,Despejado,Sin Semáforo,Motocicleta
522,180108,2023-04-19,02:50:00,Urbana,Ruta Nacional,12,km 11,AV MAIPU,,,0.0,1.0,0.0,1.0,0.0,Atropello a animal/es,,1,,Asfalto,Apto,Seca,S/D,Noche,SI,Despejado,Sin Semáforo,Motocicleta
523,180112,2023-04-19,20:10:00,Urbana,Calle,MENDOZA,1400,MARIANO MORENO,,,1.0,1.0,0.0,2.0,0.0,Colisión entre vehículos,,2,S/D,,Apto,Seca,S/D,Noche,SI,Despejado,Sin Semáforo,Automóvil
524,180112,2023-04-19,20:10:00,Urbana,Calle,MENDOZA,1400,MARIANO MORENO,,,1.0,1.0,0.0,2.0,0.0,Colisión entre vehículos,,2,S/D,,Apto,Seca,S/D,Noche,SI,Despejado,Sin Semáforo,Motocicleta
525,189765,2023-04-19,07:40:00,Urbana,Calle,3 SARGENTOS,2200,COMODORO RIVADAVIA,,,2.0,0.0,0.0,2.0,0.0,Colisión entre vehículos,,2,S/D,Asfalto,Apto,Mojada,S/D,Día,,Lluvia,S/D,Motocicleta
526,189765,2023-04-19,07:40:00,Urbana,Calle,3 SARGENTOS,2200,COMODORO RIVADAVIA,,,2.0,0.0,0.0,2.0,0.0,Colisión entre vehículos,,2,S/D,Asfalto,Apto,Mojada,S/D,Día,,Lluvia,S/D,Motocicleta
527,181850,2023-04-19,13:09:00,Urbana,Calle,SAN JUAN,1200,,,,3.0,0.0,0.0,1.0,2.0,Atropello a peatón/es,,3,S/D,Asfalto,Apto,Seca,S/D,Día,,Despejado,Sin Semáforo,Motocicleta
528,181850,2023-04-19,13:09:00,Urbana,Calle,SAN JUAN,1200,,,,3.0,0.0,0.0,1.0,2.0,Atropello a peatón/es,,3,S/D,Asfalto,Apto,Seca,S/D,Día,,Despejado,Sin Semáforo,Peatón
529,181850,2023-04-19,13:09:00,Urbana,Calle,SAN JUAN,1200,,,,3.0,0.0,0.0,1.0,2.0,Atropello a peatón/es,,3,S/D,Asfalto,Apto,Seca,S/D,Día,,Despejado,Sin Semáforo,Peatón
530,207723,2023-04-19,22:20:00,Urbana,Avenida,AV ARMENIA,3400,YERBAL,,,1.0,0.0,0.0,1.0,0.0,Caída desde vehículo,,1,S/D,Asfalto,Apto,Seca,Ninguna,Noche,NO,Despejado,S/D,Motocicleta
531,194941,2023-04-18,10:30:00,Urbana,Avenida,MAIPU,2200,MANANTIALES,,,1.0,1.0,0.0,2.0,0.0,Colisión entre vehículos,Alcance,2,S/D,Asfalto,Apto,Seca,S/D,Día,,Despejado,Sin Semáforo,Motocicleta
532,194941,2023-04-18,10:30:00,Urbana,Avenida,MAIPU,2200,MANANTIALES,,,1.0,1.0,0.0,2.0,0.0,Colisión entre vehículos,Alcance,2,S/D,Asfalto,Apto,Seca,S/D,Día,,Despejado,Sin Semáforo,Automóvil
533,215309,2023-04-17,23:26:00,Urbana,Avenida,MAIPU,800,AUSTRALIA,,,2.0,0.0,0.0,2.0,0.0,Colisión entre vehículos,Lateral,2,S/D,Asfalto,Apto,Seca,Ninguna,Noche,NO,Despejado,S/D,Automóvil
534,215309,2023-04-17,23:26:00,Urbana,Avenida,MAIPU,800,AUSTRALIA,,,2.0,0.0,0.0,2.0,0.0,Colisión entre vehículos,Lateral,2,S/D,Asfalto,Apto,Seca,Ninguna,Noche,NO,Despejado,S/D,Motocicleta
535,197497,2023-04-14,12:50:00,Urbana,Calle,BOLIVAR,2145,,,,2.0,0.0,0.0,2.0,0.0,Colisión entre vehículos,,2,,Asfalto,Apto,Seca,S/D,Día,,Despejado,S/D,Motocicleta
536,197497,2023-04-14,12:50:00,Urbana,Calle,BOLIVAR,2145,,,,2.0,0.0,0.0,2.0,0.0,Colisión entre vehículos,,2,,Asfalto,Apto,Seca,S/D,Día,,Despejado,S/D,Automóvil
537,178610,2023-04-14,09:10:00,Urbana,Avenida,AV INDEPENDENCIA,4044,,,,1.0,1.0,0.0,2.0,0.0,Colisión entre vehículos,Angulo,2,S/D,Asfalto,Apto,Seca,S/D,,,Despejado,S/D,Motocicleta
538,178610,2023-04-14,09:10:00,Urbana,Avenida,AV INDEPENDENCIA,4044,,,,1.0,1.0,0.0,2.0,0.0,Colisión entre vehículos,Angulo,2,S/D,Asfalto,Apto,Seca,S/D,,,Despejado,S/D,Camioneta/Utilitario
539,208319,2023-04-14,10:30:00,Urbana,Avenida,AV ARTIGAS,1200,ESTADO DE ISRAEL,,,2.0,0.0,0.0,2.0,0.0,Colisión entre vehículos,Alcance,2,S/D,Asfalto,Apto,"Con charcos o inundada, Mojada",Ninguna,,,Lluvia,Sin Semáforo,Motocicleta
540,208319,2023-04-14,10:30:00,Urbana,Avenida,AV ARTIGAS,1200,ESTADO DE ISRAEL,,,2.0,0.0,0.0,2.0,0.0,Colisión entre vehículos,Alcance,2,S/D,Asfalto,Apto,"Con charcos o inundada, Mojada",Ninguna,,,Lluvia,Sin Semáforo,Motocicleta
541,201974,2023-04-13,11:45:00,Urbana,Calle,PERUGORRIA,800,GOBERNADOR CASTILLO,,,2.0,1.0,0.0,2.0,0.0,Colisión entre vehículos,,2,S/D,Asfalto,Apto,Seca,Asfalto,Día,,Despejado,Sin Semáforo,Automóvil
542,201974,2023-04-13,11:45:00,Urbana,Calle,PERUGORRIA,800,GOBERNADOR CASTILLO,,,2.0,1.0,0.0,2.0,0.0,Colisión entre vehículos,,2,S/D,Asfalto,Apto,Seca,Asfalto,Día,,Despejado,Sin Semáforo,Motocicleta
543,188342,2023-04-12,23:33:00,Urbana,Avenida,AV 3 DE ABRIL,1300,SANTA FE,,,2.0,0.0,0.0,2.0,0.0,Colisión entre vehículos,Alcance,2,S/D,Asfalto,Apto,Seca,S/D,Noche,NO,Despejado,Funciona,Automóvil
544,188342,2023-04-12,23:33:00,Urbana,Avenida,AV 3 DE ABRIL,1300,SANTA FE,,,2.0,0.0,0.0,2.0,0.0,Colisión entre vehículos,Alcance,2,S/D,Asfalto,Apto,Seca,S/D,Noche,NO,Despejado,Funciona,Transporte de carga
545,197507,2023-04-10,13:32:00,Urbana,Calle,TENIENTE IBAÑEZ,1100,MENDOZA,,,3.0,0.0,0.0,2.0,0.0,Colisión entre vehículos,Alcance,2,S/D,Asfalto,Apto,Seca,S/D,Día,,Despejado,Funciona,Automóvil
546,197507,2023-04-10,13:32:00,Urbana,Calle,TENIENTE IBAÑEZ,1100,MENDOZA,,,3.0,0.0,0.0,2.0,0.0,Colisión entre vehículos,Alcance,2,S/D,Asfalto,Apto,Seca,S/D,Día,,Despejado,Funciona,Motocicleta
547,176181,2023-04-05,13:00:00,Urbana,Avenida,AV. ARTIGAS,1500,AV. FERRE,,,2.0,1.0,0.0,3.0,0.0,Vuelco (solo 1 participante),,3,S/D,Asfalto,Apto,Seca,S/D,Día,,Despejado,Funciona,Camioneta/Utilitario
548,176181,2023-04-05,13:00:00,Urbana,Avenida,AV. ARTIGAS,1500,AV. FERRE,,,2.0,1.0,0.0,3.0,0.0,Vuelco (solo 1 participante),,3,S/D,Asfalto,Apto,Seca,S/D,Día,,Despejado,Funciona,Camioneta/Utilitario
549,176181,2023-04-05,13:00:00,Urbana,Avenida,AV. ARTIGAS,1500,AV. FERRE,,,2.0,1.0,0.0,3.0,0.0,Vuelco (solo 1 participante),,3,S/D,Asfalto,Apto,Seca,S/D,Día,,Despejado,Funciona,Automóvil
550,200511,2023-04-05,17:10:00,Urbana,Avenida,AV MAIPU,177,,,,2.0,0.0,0.0,2.0,0.0,Colisión entre vehículos,,2,,Asfalto,Apto,Seca,Asfalto,Día,,Despejado,S/D,Automóvil
551,200511,2023-04-05,17:10:00,Urbana,Avenida,AV MAIPU,177,,,,2.0,0.0,0.0,2.0,0.0,Colisión entre vehículos,,2,,Asfalto,Apto,Seca,Asfalto,Día,,Despejado,S/D,Motocicleta
552,176195,2023-04-05,18:43:00,Urbana,Avenida,AVENIDA 3 DE ABRIL,800,BUENOS AIRES,-2.747.500,-5.884.114,1.0,1.0,0.0,2.0,0.0,Colisión entre vehículos,Lateral,2,No obstruido,Asfalto,Apto,Seca,Ninguna,Día,,Despejado,Funciona,Automóvil
553,176195,2023-04-05,18:43:00,Urbana,Avenida,AVENIDA 3 DE ABRIL,800,BUENOS AIRES,-2.747.500,-5.884.114,1.0,1.0,0.0,2.0,0.0,Colisión entre vehículos,Lateral,2,No obstruido,Asfalto,Apto,Seca,Ninguna,Día,,Despejado,Funciona,Transporte de carga
554,207725,2023-04-04,07:15:00,Urbana,Avenida,AV MAIPU,3000,,,,1.0,0.0,0.0,1.0,0.0,Salida de calzada,,1,S/D,Asfalto,Apto,Mojada,Ninguna,Día,,Lluvia,S/D,Automóvil
555,209189,2023-03-28,18:00:00,Urbana,Avenida,AV. INDEPENDENCIA,2900,AV CHACABUCO,,,1.0,1.0,0.0,2.0,0.0,Colisión entre vehículos,,2,No obstruido,,Apto,Seca,,Día,,Despejado,Funciona,Automóvil
556,209189,2023-03-28,18:00:00,Urbana,Avenida,AV. INDEPENDENCIA,2900,AV CHACABUCO,,,1.0,1.0,0.0,2.0,0.0,Colisión entre vehículos,,2,No obstruido,,Apto,Seca,,Día,,Despejado,Funciona,Motocicleta
557,212414,2023-03-24,13:30:00,Urbana,Avenida,ROTONDA PONCHO VERDE,2100,,,,2.0,0.0,0.0,2.0,0.0,Colisión entre vehículos,Alcance,2,,Asfalto,Apto,Seca,Ninguna,Día,,Despejado,Sin Semáforo,Automóvil
558,212414,2023-03-24,13:30:00,Urbana,Avenida,ROTONDA PONCHO VERDE,2100,,,,2.0,0.0,0.0,2.0,0.0,Colisión entre vehículos,Alcance,2,,Asfalto,Apto,Seca,Ninguna,Día,,Despejado,Sin Semáforo,Automóvil
559,212413,2023-03-23,10:30:00,Urbana,Avenida,AV PAYSANDU,2100,LAS CUEVAS,,,1.0,1.0,0.0,2.0,0.0,Colisión entre vehículos,Lateral,2,S/D,Asfalto,Apto,Seca,Ninguna,Día,,Despejado,Sin Semáforo,Automóvil