,id_feu,siniestro_fecha,siniestro_hora,zona_ocurrencia,via_publica,nombre_via,altura_km,entre_calle_1,latitud,longitud,ilesos,heridos,fallecidos,vehiculos,peatones,tipo_siniestro_unico,tipo_colision,cantidad_de_involucrados,cono_de_vision,material_de_la_calzada,estado_de_la_calzada,estado_fisico_ambiental,barreras_de_seguridad,luminosidad,luz_artificial,estado_ambiental,semaforo,tipo_involucrado
560,212413,2023-03-23,10:30:00,Urbana,Avenida,AV PAYSANDU,2100,LAS CUEVAS,,,1.0,1.0,0.0,2.0,0.0,Colisión entre vehículos,Lateral,2,S/D,Asfalto,Apto,Seca,Ninguna,Día,,Despejado,Sin Semáforo,Motocicleta
561,194957,2023-03-23,12:00:00,Urbana,Calle,BRASIL,2100,9 DE julio,,,1.0,1.0,0.0,1.0,1.0,Atropello a peatón/es,,2,S/D,Asfalto,Apto,Seca,,Día,,Despejado,Funciona,Peatón
562,194957,2023-03-23,12:00:00,Urbana,Calle,BRASIL,2100,9 DE julio,,,1.0,1.0,0.0,1.0,1.0,Atropello a peatón/es,,2,S/D,Asfalto,Apto,Seca,,Día,,Despejado,Funciona,Camioneta/Utilitario
563,184127,2023-03-23,08:30:00,Urbana,Avenida,AV. PUJOL,1600,PAMPIN,,,1.0,1.0,0.0,2.0,0.0,Colisión entre vehículos,Lateral,2,No obstruido,Asfalto,Apto,Seca,Ninguna,Día,,Despejado,Funciona,Automóvil
564,184127,2023-03-23,08:30:00,Urbana,Avenida,AV. PUJOL,1600,PAMPIN,,,1.0,1.0,0.0,2.0,0.0,Colisión entre vehículos,Lateral,2,No obstruido,Asfalto,Apto,Seca,Ninguna,Día,,Despejado,Funciona,Motocicleta
565,194949,2023-03-22,12:28:00,Urbana,Calle,PELLEGRINI,1560,,,,3.0,0.0,0.0,3.0,0.0,Colisión entre vehículos,Alcance,3,S/D,Asfalto,Apto,Seca,S/D,Día,,Despejado,S/D,Automóvil
566,194949,2023-03-22,12:28:00,Urbana,Calle,PELLEGRINI,1560,,,,3.0,0.0,0.0,3.0,0.0,Colisión entre vehículos,Alcance,3,S/D,Asfalto,Apto,Seca,S/D,Día,,Despejado,S/D,Automóvil
567,194949,2023-03-22,12:28:00,Urbana,Calle,PELLEGRINI,1560,,,,3.0,0.0,0.0,3.0,0.0,Colisión entre vehículos,Alcance,3,S/D,Asfalto,Apto,Seca,S/D,Día,,Despejado,S/D,Automóvil
568,178623,2023-03-20,09:59:00,Urbana,Avenida,AV MAIPU,1130,,,,1.0,1.0,0.0,1.0,1.0,Atropello a peatón/es,,2,,Asfalto,Apto,Seca,S/D,Día,,Despejado,S/D,Transporte de pasajeros
569,178623,2023-03-20,09:59:00,Urbana,Avenida,AV MAIPU,1130,,,,1.0,1.0,0.0,1.0,1.0,Atropello a peatón/es,,2,,Asfalto,Apto,Seca,S/D,Día,,Despejado,S/D,Peatón
570,176480,2023-03-20,08:20:00,Urbana,Avenida,AV CHACABUCO,1200,BOLIVAR,-2.747.328,-5.881.331,0.0,2.0,0.0,2.0,0.0,Colisión entre vehículos,,2,,Otro,Apto,Seca,Pasto,Día,,Despejado,Sin Semáforo,Motocicleta
571,176480,2023-03-20,08:20:00,Urbana,Avenida,AV CHACABUCO,1200,BOLIVAR,-2.747.328,-5.881.331,0.0,2.0,0.0,2.0,0.0,Colisión entre vehículos,,2,,Otro,Apto,Seca,Pasto,Día,,Despejado,Sin Semáforo,Motocicleta
572,199130,2023-03-20,08:59:00,Urbana,Calle,3 DE abril,600,ALBERDI,,,2.0,0.0,0.0,2.0,0.0,Colisión entre vehículos,,2,,Asfalto,Apto,Seca,,Día,,Despejado,S/D,Automóvil
573,199130,2023-03-20,08:59:00,Urbana,Calle,3 DE abril,600,ALBERDI,,,2.0,0.0,0.0,2.0,0.0,Colisión entre vehículos,,2,,Asfalto,Apto,Seca,,Día,,Despejado,S/D,Transporte de carga
574,186779,2023-03-17,13:50:00,Urbana,Avenida,AV FERRE,3000,BOLIVIA,,,1.0,1.0,0.0,2.0,0.0,Colisión entre vehículos,Angulo,2,S/D,Asfalto,Apto,Seca,S/D,,,Despejado,Funciona,Automóvil
575,186779,2023-03-17,13:50:00,Urbana,Avenida,AV FERRE,3000,BOLIVIA,,,1.0,1.0,0.0,2.0,0.0,Colisión entre vehículos,Angulo,2,S/D,Asfalto,Apto,Seca,S/D,,,Despejado,Funciona,Motocicleta
576,199936,2023-03-16,22:00:00,Urbana,Ruta Nacional,12,1032,,,,1.0,1.0,0.0,2.0,0.0,Colisión entre vehículos,Frontal,2,,Asfalto,Apto,Seca,S/D,Noche,,Despejado,S/D,Automóvil
577,199936,2023-03-16,22:00:00,Urbana,Ruta Nacional,12,1032,,,,1.0,1.0,0.0,2.0,0.0,Colisión entre vehículos,Frontal,2,,Asfalto,Apto,Seca,S/D,Noche,,Despejado,S/D,Motocicleta
578,201981,2023-03-16,13:45:00,Urbana,Calle,CARTAGENA,2897,CHACABUCO,,,2.0,0.0,0.0,2.0,0.0,Colisión entre vehículos,,2,,Asfalto,Apto,Seca,Asfalto,Día,,Despejado,Sin Semáforo,Automóvil
579,201981,2023-03-16,13:45:00,Urbana,Calle,CARTAGENA,2897,CHACABUCO,,,2.0,0.0,0.0,2.0,0.0,Colisión entre vehículos,,2,,Asfalto,Apto,Seca,Asfalto,Día,,Despejado,Sin Semáforo,Motocicleta
580,181823,2023-03-15,09:30:00,Urbana,Avenida,AV INDEPENDENCIA,3400,MEDRANO,,,3.0,0.0,0.0,2.0,0.0,Colisión entre vehículos,,2,,Asfalto,Apto,Seca,S/D,Día,,Despejado,S/D,Camioneta/Utilitario
581,181823,2023-03-15,09:30:00,Urbana,Avenida,AV INDEPENDENCIA,3400,MEDRANO,,,3.0,0.0,0.0,2.0,0.0,Colisión entre vehículos,,2,,Asfalto,Apto,Seca,S/D,Día,,Despejado,S/D,Camioneta/Utilitario
582,176231,2023-03-15,12:10:00,Urbana,Avenida,AV INDEPENDENCIA,5300,,,,2.0,0.0,0.0,2.0,0.0,Colisión entre vehículos,,2,,Asfalto,Apto,Seca,S/D,Día,,Despejado,Sin Semáforo,Automóvil
583,176231,2023-03-15,12:10:00,Urbana,Avenida,AV INDEPENDENCIA,5300,,,,2.0,0.0,0.0,2.0,0.0,Colisión entre vehículos,,2,,Asfalto,Apto,Seca,S/D,Día,,Despejado,Sin Semáforo,Motocicleta
584,182658,2023-03-14,19:50:00,Urbana,Calle,HIPOLITO YRIGOYEN,800,BS AS,,,1.0,1.0,0.0,2.0,0.0,Colisión entre vehículos,Lateral,2,No obstruido,Asfalto,Apto,Seca,Ninguna,Día,,Despejado,Sin Semáforo,Camioneta/Utilitario
585,182658,2023-03-14,19:50:00,Urbana,Calle,HIPOLITO YRIGOYEN,800,BS AS,,,1.0,1.0,0.0,2.0,0.0,Colisión entre vehículos,Lateral,2,No obstruido,Asfalto,Apto,Seca,Ninguna,Día,,Despejado,Sin Semáforo,Motocicleta
586,207694,2023-03-14,08:40:00,Urbana,Avenida,AV INDEPENDENCIA,4600,GASCON,,,2.0,0.0,0.0,2.0,0.0,Colisión entre vehículos,Alcance,2,No obstruido,Asfalto,Apto,Seca,Ninguna,Día,,Despejado,Sin Semáforo,Transporte de carga
587,207694,2023-03-14,08:40:00,Urbana,Avenida,AV INDEPENDENCIA,4600,GASCON,,,2.0,0.0,0.0,2.0,0.0,Colisión entre vehículos,Alcance,2,No obstruido,Asfalto,Apto,Seca,Ninguna,Día,,Despejado,Sin Semáforo,Transporte de carga
588,212935,2023-03-13,21:21:00,Urbana,Avenida,AV 3 DE ABRIL,1400,CATAMARCA,,,0.0,1.0,0.0,1.0,0.0,Caída desde vehículo,,1,No obstruido,Asfalto,Apto,Seca,Ninguna,Noche,NO,,Funciona,Motocicleta
589,201241,2023-03-13,08:22:00,Urbana,Avenida,PUJOL,2400,,,,0.0,1.0,0.0,1.0,0.0,Caída desde vehículo,,1,,Asfalto,Apto,Seca,S/D,Día,,Despejado,S/D,Motocicleta
590,196783,2023-03-10,17:20:00,Urbana,Calle,RAUL ALFONSIN,4400,MEDRANO,,,2.0,1.0,0.0,2.0,0.0,Colisión entre vehículos,Alcance,2,S/D,Asfalto,Apto,Seca,S/D,Día,,Despejado,Funciona,Automóvil
591,196783,2023-03-10,17:20:00,Urbana,Calle,RAUL ALFONSIN,4400,MEDRANO,,,2.0,1.0,0.0,2.0,0.0,Colisión entre vehículos,Alcance,2,S/D,Asfalto,Apto,Seca,S/D,Día,,Despejado,Funciona,Motocicleta
592,208327,2023-03-10,20:00:00,Urbana,Avenida,AV RAUL ALFONSIN,3800,TACUARI,,,0.0,2.0,0.0,1.0,0.0,Vuelco (solo 1 participante),,1,S/D,Asfalto,En reparación,Mojada,Ninguna,Noche,NO,Lluvia,Funciona,Motocicleta
593,176168,2023-03-09,08:20:00,Urbana,Avenida,AV CHACABUCO,2800,,,,2.0,0.0,0.0,2.0,0.0,Colisión entre vehículos,,2,S/D,S/D,Apto,Seca,S/D,Día,,Despejado,S/D,Automóvil
594,176168,2023-03-09,08:20:00,Urbana,Avenida,AV CHACABUCO,2800,,,,2.0,0.0,0.0,2.0,0.0,Colisión entre vehículos,,2,S/D,S/D,Apto,Seca,S/D,Día,,Despejado,S/D,Motocicleta
595,204268,2023-03-09,17:55:00,Urbana,Avenida,AV CHACABUCO,2117,MADARIAGA,,,2.0,0.0,0.0,2.0,0.0,Colisión entre vehículos,,2,,Asfalto,Apto,Seca,Asfalto,Día,,Despejado,Sin Semáforo,Automóvil
596,204268,2023-03-09,17:55:00,Urbana,Avenida,AV CHACABUCO,2117,MADARIAGA,,,2.0,0.0,0.0,2.0,0.0,Colisión entre vehículos,,2,,Asfalto,Apto,Seca,Asfalto,Día,,Despejado,Sin Semáforo,Motocicleta
597,205151,2023-03-08,10:22:00,Urbana,Avenida,AV MAIPU,3500,,-2.750.717,-5.881.076,1.0,1.0,0.0,2.0,0.0,Colisión entre vehículos,,2,S/D,Asfalto,Apto,Seca,Asfalto,Día,,Despejado,S/D,Automóvil
598,205151,2023-03-08,10:22:00,Urbana,Avenida,AV MAIPU,3500,,-2.750.717,-5.881.076,1.0,1.0,0.0,2.0,0.0,Colisión entre vehículos,,2,S/D,Asfalto,Apto,Seca,Asfalto,Día,,Despejado,S/D,Motocicleta
599,183613,2023-03-06,11:10:00,Urbana,Calle,SGTO CABRAL,1800,VELEZ SARSFIELD,,,1.0,1.0,0.0,2.0,0.0,Colisión entre vehículos,Lateral,2,S/D,Asfalto,Apto,Seca,Ninguna,Día,,Despejado,Sin Semáforo,Automóvil
600,183613,2023-03-06,11:10:00,Urbana,Calle,SGTO CABRAL,1800,VELEZ SARSFIELD,,,1.0,1.0,0.0,2.0,0.0,Colisión entre vehículos,Lateral,2,S/D,Asfalto,Apto,Seca,Ninguna,Día,,Despejado,Sin Semáforo,Motocicleta
601,182657,2023-03-06,13:48:00,Urbana,Avenida,AV 3 DE ABRIL,1500,SAN LORENZO,-2.747.645,-5.883.324,1.0,1.0,0.0,2.0,0.0,Colisión entre vehículos,Alcance,2,,Asfalto,Apto,Seca,Ninguna,Día,,Despejado,Funciona,Motocicleta
602,182657,2023-03-06,13:48:00,Urbana,Avenida,AV 3 DE ABRIL,1500,SAN LORENZO,-2.747.645,-5.883.324,1.0,1.0,0.0,2.0,0.0,Colisión entre vehículos,Alcance,2,,Asfalto,Apto,Seca,Ninguna,Día,,Despejado,Funciona,Automóvil
603,196785,2023-03-01,20:20:00,Urbana,Calle,SAN LORENZO,1499,RIVADAVIA,,,1.0,1.0,0.0,2.0,0.0,Colisión entre vehículos,,2,,Asfalto,Apto,Seca,S/D,Noche,SI,Despejado,S/D,Automóvil
604,196785,2023-03-01,20:20:00,Urbana,Calle,SAN LORENZO,1499,RIVADAVIA,,,1.0,1.0,0.0,2.0,0.0,Colisión entre vehículos,,2,,Asfalto,Apto,Seca,S/D,Noche,SI,Despejado,S/D,Motocicleta
605,209990,2023-02-28,22:15:00,Urbana,Avenida,AV INDEPENDENCIA,5400,ROTONDA VIRGEN DE ITATI,,,1.0,1.0,0.0,2.0,0.0,Colisión entre vehículos,Rozamiento,2,,Asfalto,Apto,Seca,Ninguna,Noche,NO,,Sin Semáforo,Automóvil
606,209990,2023-02-28,22:15:00,Urbana,Avenida,AV INDEPENDENCIA,5400,ROTONDA VIRGEN DE ITATI,,,1.0,1.0,0.0,2.0,0.0,Colisión entre vehículos,Rozamiento,2,,Asfalto,Apto,Seca,Ninguna,Noche,NO,,Sin Semáforo,Motocicleta
607,184128,2023-02-27,07:20:00,Urbana,Avenida,AV CAZADORES CORRENTINOS,3800,RESOAGLI,,,1.0,1.0,0.0,2.0,0.0,Colisión entre vehículos,Lateral,2,No obstruido,Asfalto,Apto,Seca,Ninguna,Día,,Despejado,Sin Semáforo,Automóvil
608,184128,2023-02-27,07:20:00,Urbana,Avenida,AV CAZADORES CORRENTINOS,3800,RESOAGLI,,,1.0,1.0,0.0,2.0,0.0,Colisión entre vehículos,Lateral,2,No obstruido,Asfalto,Apto,Seca,Ninguna,Día,,Despejado,Sin Semáforo,Bicicleta
609,199685,2023-02-27,20:30:00,Urbana,Avenida,LIBERTAD,5200,MADERO,,,2.0,2.0,0.0,3.0,0.0,Colisión entre vehículos,Frontal,3,S/D,Asfalto,Apto,Seca,S/D,Noche,NO,Despejado,Sin Semáforo,Transporte de pasajeros
610,199685,2023-02-27,20:30:00,Urbana,Avenida,LIBERTAD,5200,MADERO,,,2.0,2.0,0.0,3.0,0.0,Colisión entre vehículos,Frontal,3,S/D,Asfalto,Apto,Seca,S/D,Noche,NO,Despejado,Sin Semáforo,Camioneta/Utilitario
611,199685,2023-02-27,20:30:00,Urbana,Avenida,LIBERTAD,5200,MADERO,,,2.0,2.0,0.0,3.0,0.0,Colisión entre vehículos,Frontal,3,S/D,Asfalto,Apto,Seca,S/D,Noche,NO,Despejado,Sin Semáforo,Automóvil
612,181849,2023-02-25,07:55:00,Urbana,Avenida,RAUL ALFONSIN,4100,LOS TILOS,,,1.0,1.0,0.0,2.0,0.0,,,2,S/D,S/D,Apto,Seca,S/D,Día,,Despejado,Sin Semáforo,Automóvil
613,181849,2023-02-25,07:55:00,Urbana,Avenida,RAUL ALFONSIN,4100,LOS TILOS,,,1.0,1.0,0.0,2.0,0.0,,,2,S/D,S/D,Apto,Seca,S/D,Día,,Despejado,Sin Semáforo,Motocicleta
614,197508,2023-02-24,18:30:00,Urbana,Avenida,Av. P. Ferre,2700,CHILE,,,3.0,0.0,0.0,2.0,0.0,Colisión entre vehículos,,2,S/D,Asfalto,Apto,Seca,S/D,Día,,,Funciona,Automóvil
615,197508,2023-02-24,18:30:00,Urbana,Avenida,Av. P. Ferre,2700,CHILE,,,3.0,0.0,0.0,2.0,0.0,Colisión entre vehículos,,2,S/D,Asfalto,Apto,Seca,S/D,Día,,,Funciona,Automóvil
616,199128,2023-02-24,09:02:00,Urbana,Calle,PELLEGRINI,1290,SALTA,,,1.0,1.0,0.0,2.0,0.0,Colisión entre vehículos,,2,S/D,Asfalto,Apto,Seca,S/D,Día,,Despejado,Sin Semáforo,Transporte de pasajeros
617,199128,2023-02-24,09:02:00,Urbana,Calle,PELLEGRINI,1290,SALTA,,,1.0,1.0,0.0,2.0,0.0,Colisión entre vehículos,,2,S/D,Asfalto,Apto,Seca,S/D,Día,,Despejado,Sin Semáforo,Bicicleta
618,177799,2023-02-24,08:15:00,Urbana,Avenida,AVENIDA FERRE,2600,VELEZ SARSFIELD,,,2.0,0.0,0.0,2.0,0.0,Colisión entre vehículos,Alcance,2,S/D,Asfalto,Apto,Seca,S/D,Día,,Despejado,S/D,Automóvil
619,177799,2023-02-24,08:15:00,Urbana,Avenida,AVENIDA FERRE,2600,VELEZ SARSFIELD,,,2.0,0.0,0.0,2.0,0.0,Colisión entre vehículos,Alcance,2,S/D,Asfalto,Apto,Seca,S/D,Día,,Despejado,S/D,Automóvil
620,177773,2023-02-23,15:30:00,Urbana,Avenida,AVENIDA MAIPÚ,3600,ACONCAGUA,-2.749.830,-5.881.523,1.0,1.0,0.0,2.0,0.0,Colisión entre vehículos,,2,No obstruido,Asfalto,Apto,Seca,Ninguna,Día,,Despejado,Sin Semáforo,Motocicleta
621,177773,2023-02-23,15:30:00,Urbana,Avenida,AVENIDA MAIPÚ,3600,ACONCAGUA,-2.749.830,-5.881.523,1.0,1.0,0.0,2.0,0.0,Colisión entre vehículos,,2,No obstruido,Asfalto,Apto,Seca,Ninguna,Día,,Despejado,Sin Semáforo,Motocicleta
622,176229,2023-02-22,11:30:00,Urbana,Calle,SAN MARTIN,2300,ITUZAINGO,,,1.0,1.0,0.0,2.0,0.0,Colisión entre vehículos,,2,S/D,Asfalto,Apto,Seca,S/D,Día,,Despejado,Sin Semáforo,Automóvil
623,176229,2023-02-22,11:30:00,Urbana,Calle,SAN MARTIN,2300,ITUZAINGO,,,1.0,1.0,0.0,2.0,0.0,Colisión entre vehículos,,2,S/D,Asfalto,Apto,Seca,S/D,Día,,Despejado,Sin Semáforo,Motocicleta
624,180921,2023-02-20,07:10:00,Urbana,Avenida,AV MAIPU,0,ESPAÑA,,,2.0,0.0,0.0,2.0,0.0,Colisión entre vehículos,,2,,Asfalto,Apto,Seca,S/D,,,Despejado,S/D,Automóvil
625,180921,2023-02-20,07:10:00,Urbana,Avenida,AV MAIPU,0,ESPAÑA,,,2.0,0.0,0.0,2.0,0.0,Colisión entre vehículos,,2,,Asfalto,Apto,Seca,S/D,,,Despejado,S/D,Transporte de carga
626,189764,2023-02-16,07:45:00,Urbana,Calle,TENIENTE IBAÑEZ,1300,CONTE,,,1.0,1.0,0.0,2.0,0.0,Colisión entre vehículos,,2,,Asfalto,Apto,Seca,S/D,Día,,Despejado,S/D,Automóvil
627,189764,2023-02-16,07:45:00,Urbana,Calle,TENIENTE IBAÑEZ,1300,CONTE,,,1.0,1.0,0.0,2.0,0.0,Colisión entre vehículos,,2,,Asfalto,Apto,Seca,S/D,Día,,Despejado,S/D,Motocicleta
628,189209,2023-02-15,10:05:00,Urbana,Avenida,AV PUJOL,1600,ESPAÑA,,,1.0,1.0,0.0,1.0,0.0,S/D,,1,,Asfalto,Apto,Seca,S/D,Día,,Despejado,S/D,Motocicleta
629,185884,2023-02-14,18:13:00,Urbana,Avenida,AV MAIPU,Km 10,ARISTOBULO DEL VALLE,,,1.0,1.0,0.0,2.0,0.0,Colisión entre vehículos,Alcance,2,S/D,Asfalto,Apto,Seca,S/D,Día,,Despejado,,Automóvil
630,185884,2023-02-14,18:13:00,Urbana,Avenida,AV MAIPU,Km 10,ARISTOBULO DEL VALLE,,,1.0,1.0,0.0,2.0,0.0,Colisión entre vehículos,Alcance,2,S/D,Asfalto,Apto,Seca,S/D,Día,,Despejado,,Motocicleta
631,198235,2023-02-14,10:45:00,Urbana,Avenida,CAZADORES CORRENTINOS,3955,,,,1.0,1.0,0.0,2.0,0.0,Colisión entre vehículos,Angulo,2,,Asfalto,Apto,Seca,S/D,Día,,Despejado,S/D,Automóvil
632,198235,2023-02-14,10:45:00,Urbana,Avenida,CAZADORES CORRENTINOS,3955,,,,1.0,1.0,0.0,2.0,0.0,Colisión entre vehículos,Angulo,2,,Asfalto,Apto,Seca,S/D,Día,,Despejado,S/D,Motocicleta
633,205307,2023-02-14,20:00:00,Urbana,Ruta Provincial,5,KM 5,ALT. Bª SAMELA,-2.749.010,-5.875.743,1.0,1.0,0.0,2.0,0.0,Colisión entre vehículos,,2,,Asfalto,En reparación,,Tierra,Noche,SI,Despejado,Sin Semáforo,Automóvil
634,205307,2023-02-14,20:00:00,Urbana,Ruta Provincial,5,KM 5,ALT. Bª SAMELA,-2.749.010,-5.875.743,1.0,1.0,0.0,2.0,0.0,Colisión entre vehículos,,2,,Asfalto,En reparación,,Tierra,Noche,SI,Despejado,Sin Semáforo,Motocicleta
635,184875,2023-02-13,09:55:00,Urbana,Calle,25 DE mayo,1800,PARAGUAY,,,2.0,0.0,0.0,2.0,0.0,Colisión entre vehículos,Alcance,2,,Asfalto,Apto,Seca,S/D,Día,,Despejado,Sin Semáforo,Automóvil
636,184875,2023-02-13,09:55:00,Urbana,Calle,25 DE mayo,1800,PARAGUAY,,,2.0,0.0,0.0,2.0,0.0,Colisión entre vehículos,Alcance,2,,Asfalto,Apto,Seca,S/D,Día,,Despejado,Sin Semáforo,Automóvil
637,206673,2023-02-12,10:30:00,Rural,Avenida,AV SANTA ROSA,2300,NECOCHEA,-2.748.157,-5.882.030,1.0,1.0,0.0,2.0,0.0,Colisión entre vehículos,,2,S/D,Asfalto,Apto,Seca,Otro,Día,,Despejado,Sin Semáforo,Motocicleta
638,206673,2023-02-12,10:30:00,Rural,Avenida,AV SANTA ROSA,2300,NECOCHEA,-2.748.157,-5.882.030,1.0,1.0,0.0,2.0,0.0,Colisión entre vehículos,,2,S/D,Asfalto,Apto,Seca,Otro,Día,,Despejado,Sin Semáforo,Transporte de carga
639,188345,2023-02-12,19:00:00,Urbana,Calle,GUEMES,1700,LAS HERAS,,,0.0,3.0,0.0,2.0,0.0,Colisión entre vehículos,,2,S/D,Asfalto,Apto,Seca,S/D,Día,,Despejado,Sin Semáforo,Motocicleta
640,188345,2023-02-12,19:00:00,Urbana,Calle,GUEMES,1700,LAS HERAS,,,0.0,3.0,0.0,2.0,0.0,Colisión entre vehículos,,2,S/D,Asfalto,Apto,Seca,S/D,Día,,Despejado,Sin Semáforo,Motocicleta
641,201249,2023-02-12,22:00:00,Urbana,Calle,QUINTANA,3400,SAN LORENZO,,,4.0,0.0,0.0,2.0,0.0,Colisión entre vehículos,,2,,Asfalto,Apto,Seca,S/D,Noche,,Despejado,S/D,Automóvil
642,201249,2023-02-12,22:00:00,Urbana,Calle,QUINTANA,3400,SAN LORENZO,,,4.0,0.0,0.0,2.0,0.0,Colisión entre vehículos,,2,,Asfalto,Apto,Seca,S/D,Noche,,Despejado,S/D,Motocicleta
643,207575,2023-02-11,00:40:00,Urbana,Avenida,AV MAIPU,300,BAIGORRIA,,,1.0,1.0,0.0,2.0,0.0,Colisión entre vehículos,,2,S/D,Asfalto,Apto,Seca,Ninguna,Noche,NO,Despejado,Sin Semáforo,Automóvil
644,207575,2023-02-11,00:40:00,Urbana,Avenida,AV MAIPU,300,BAIGORRIA,,,1.0,1.0,0.0,2.0,0.0,Colisión entre vehículos,,2,S/D,Asfalto,Apto,Seca,Ninguna,Noche,NO,Despejado,Sin Semáforo,Motocicleta
645,212421,2023-02-11,08:30:00,Urbana,Ruta Nacional,12,1027,ENTRADA A LAS 500 VDAS,,,2.0,0.0,0.0,2.0,0.0,Colisión entre vehículos,Alcance,2,S/D,Asfalto,Apto,Seca,Tierra,Día,,Despejado,Sin Semáforo,Automóvil
646,212421,2023-02-11,08:30:00,Urbana,Ruta Nacional,12,1027,ENTRADA A LAS 500 VDAS,,,2.0,0.0,0.0,2.0,0.0,Colisión entre vehículos,Alcance,2,S/D,Asfalto,Apto,Seca,Tierra,Día,,Despejado,Sin Semáforo,Camioneta/Utilitario
647,208363,2023-02-10,12:30:00,Urbana,Avenida,AV 3 DE ABRIL,1500,SANTA FE,,,3.0,0.0,0.0,3.0,0.0,Colisión entre vehículos,Alcance,3,S/D,Asfalto,Apto,Seca,Ninguna,Día,,Despejado,Funciona,Automóvil
648,208363,2023-02-10,12:30:00,Urbana,Avenida,AV 3 DE ABRIL,1500,SANTA FE,,,3.0,0.0,0.0,3.0,0.0,Colisión entre vehículos,Alcance,3,S/D,Asfalto,Apto,Seca,Ninguna,Día,,Despejado,Funciona,Automóvil
649,208363,2023-02-10,12:30:00,Urbana,Avenida,AV 3 DE ABRIL,1500,SANTA FE,,,3.0,0.0,0.0,3.0,0.0,Colisión entre vehículos,Alcance,3,S/D,Asfalto,Apto,Seca,Ninguna,Día,,Despejado,Funciona,Automóvil
650,190630,2023-02-10,07:10:00,Urbana,Calle,BRASIL,1053,,,,2.0,0.0,0.0,2.0,0.0,Colisión entre vehículos,Lateral,2,,Asfalto,Apto,Seca,S/D,Día,,Despejado,Sin Semáforo,Automóvil
651,190630,2023-02-10,07:10:00,Urbana,Calle,BRASIL,1053,,,,2.0,0.0,0.0,2.0,0.0,Colisión entre vehículos,Lateral,2,,Asfalto,Apto,Seca,S/D,Día,,Despejado,Sin Semáforo,Motocicleta