,id_feu,siniestro_fecha,siniestro_hora,zona_ocurrencia,via_publica,nombre_via,altura_km,entre_calle_1,latitud,longitud,ilesos,heridos,fallecidos,vehiculos,peatones,tipo_siniestro_unico,tipo_colision,cantidad_de_involucrados,cono_de_vision,material_de_la_calzada,estado_de_la_calzada,estado_fisico_ambiental,barreras_de_seguridad,luminosidad,luz_artificial,estado_ambiental,semaforo,tipo_involucrado
652,212404,2023-02-09,08:15:00,Urbana,Avenida,ROTONDA ESPAÑA,2100,J PAMPIN,,,2.0,0.0,0.0,2.0,0.0,Colisión entre vehículos,Lateral,2,,Asfalto,Apto,Seca,Ninguna,Día,,Despejado,Sin Semáforo,Automóvil
653,212404,2023-02-09,08:15:00,Urbana,Avenida,ROTONDA ESPAÑA,2100,J PAMPIN,,,2.0,0.0,0.0,2.0,0.0,Colisión entre vehículos,Lateral,2,,Asfalto,Apto,Seca,Ninguna,Día,,Despejado,Sin Semáforo,Automóvil
654,198247,2023-02-09,02:10:00,Urbana,Calle,AV LIBERTAD,5800,,,,0.0,1.0,0.0,1.0,0.0,Colisión entre vehículos,,1,,S/D,Apto,Seca,S/D,Noche,,Despejado,S/D,Motocicleta
655,199940,2023-02-09,19:30:00,Urbana,Avenida,AVENIDA CHACABUCO,2000,,,,2.0,0.0,0.0,2.0,0.0,Colisión entre vehículos,Alcance,2,,Asfalto,Apto,Seca,S/D,Noche,SI,Despejado,S/D,Automóvil
656,199940,2023-02-09,19:30:00,Urbana,Avenida,AVENIDA CHACABUCO,2000,,,,2.0,0.0,0.0,2.0,0.0,Colisión entre vehículos,Alcance,2,,Asfalto,Apto,Seca,S/D,Noche,SI,Despejado,S/D,Automóvil
657,209202,2023-02-08,05:45:00,Urbana,Avenida,AV PAYSANDU,3700,IBERA,,,3.0,1.0,0.0,2.0,0.0,Colisión entre vehículos,Lateral,2,S/D,Asfalto,Apto,Seca,Ninguna,Día,,Despejado,Funciona,Automóvil
658,209202,2023-02-08,05:45:00,Urbana,Avenida,AV PAYSANDU,3700,IBERA,,,3.0,1.0,0.0,2.0,0.0,Colisión entre vehículos,Lateral,2,S/D,Asfalto,Apto,Seca,Ninguna,Día,,Despejado,Funciona,Automóvil
659,207559,2023-02-07,06:00:00,Urbana,Avenida,AV ARMENIA,4100,,,,0.0,1.0,0.0,1.0,0.0,Caída desde vehículo,,1,S/D,Asfalto,Apto,Seca,Ninguna,Noche,SI,Despejado,S/D,Motocicleta
660,180924,2023-02-07,09:40:00,Urbana,Avenida,GUAYQUIRARO,0,AV MAIPU,,,2.0,0.0,0.0,2.0,0.0,Colisión entre vehículos,,2,S/D,Asfalto,Apto,,S/D,Día,,Despejado,S/D,Automóvil
661,180924,2023-02-07,09:40:00,Urbana,Avenida,GUAYQUIRARO,0,AV MAIPU,,,2.0,0.0,0.0,2.0,0.0,Colisión entre vehículos,,2,S/D,Asfalto,Apto,,S/D,Día,,Despejado,S/D,Camioneta/Utilitario
662,194023,2023-02-07,17:15:00,S/D,Ruta Provincial,RUTA 5,4,SANTA BERNARDINA,,,0.0,3.0,0.0,2.0,0.0,Colisión entre vehículos,,2,S/D,Asfalto,Apto,Seca,S/D,Día,,Despejado,S/D,Motocicleta
663,194023,2023-02-07,17:15:00,S/D,Ruta Provincial,RUTA 5,4,SANTA BERNARDINA,,,0.0,3.0,0.0,2.0,0.0,Colisión entre vehículos,,2,S/D,Asfalto,Apto,Seca,S/D,Día,,Despejado,S/D,Automóvil
664,208332,2023-02-07,09:45:00,Urbana,Avenida,TENIENTE IBAÑEZ,1400,VARGAS GOMEZ,,,2.0,0.0,0.0,2.0,0.0,Colisión entre vehículos,Lateral,2,No obstruido,Asfalto,Apto,Mojada,Ninguna,Día,,Despejado,Sin Semáforo,Automóvil
665,208332,2023-02-07,09:45:00,Urbana,Avenida,TENIENTE IBAÑEZ,1400,VARGAS GOMEZ,,,2.0,0.0,0.0,2.0,0.0,Colisión entre vehículos,Lateral,2,No obstruido,Asfalto,Apto,Mojada,Ninguna,Día,,Despejado,Sin Semáforo,Automóvil
666,207706,2023-02-07,18:00:00,Urbana,Avenida,AV GDOR RUIZ,2400,,,,0.0,1.0,0.0,1.0,0.0,Caída desde vehículo,,1,S/D,Asfalto,Apto,Seca,Ninguna,Día,,Despejado,S/D,Motocicleta
667,193975,2023-02-07,13:40:00,Urbana,Avenida,AV INDEPENDENCIA,3200,JUAN J CASTELLI,,,2.0,1.0,0.0,3.0,0.0,Colisión entre vehículos,Alcance,3,,Asfalto,Apto,Seca,S/D,Día,,Despejado,Funciona,Automóvil
668,193975,2023-02-07,13:40:00,Urbana,Avenida,AV INDEPENDENCIA,3200,JUAN J CASTELLI,,,2.0,1.0,0.0,3.0,0.0,Colisión entre vehículos,Alcance,3,,Asfalto,Apto,Seca,S/D,Día,,Despejado,Funciona,Motocicleta
669,193975,2023-02-07,13:40:00,Urbana,Avenida,AV INDEPENDENCIA,3200,JUAN J CASTELLI,,,2.0,1.0,0.0,3.0,0.0,Colisión entre vehículos,Alcance,3,,Asfalto,Apto,Seca,S/D,Día,,Despejado,Funciona,Transporte de carga
670,193978,2023-02-07,06:00:00,Urbana,Avenida,AV PAYSANDU,1700,,,,1.0,0.0,0.0,1.0,0.0,Caída desde vehículo,,1,,Asfalto,Apto,Seca,S/D,Noche,,Despejado,Sin Semáforo,Automóvil
671,176192,2023-02-03,11:22:00,Urbana,Calle,TUCUMÁN,900,JUNÍN,-2.746.722,-5.884.171,2.0,0.0,0.0,2.0,0.0,Colisión entre vehículos,,2,No obstruido,Asfalto,Apto,Seca,Ninguna,Día,,Despejado,Sin Semáforo,Automóvil
672,176192,2023-02-03,11:22:00,Urbana,Calle,TUCUMÁN,900,JUNÍN,-2.746.722,-5.884.171,2.0,0.0,0.0,2.0,0.0,Colisión entre vehículos,,2,No obstruido,Asfalto,Apto,Seca,Ninguna,Día,,Despejado,Sin Semáforo,Automóvil
673,199949,2023-02-02,08:45:00,Urbana,Avenida,AV FERRE,2599,AV ARTIGAS,,,2.0,0.0,0.0,2.0,0.0,Colisión entre vehículos,,2,,Asfalto,Apto,Seca,S/D,Día,,Despejado,S/D,Camioneta/Utilitario
674,199949,2023-02-02,08:45:00,Urbana,Avenida,AV FERRE,2599,AV ARTIGAS,,,2.0,0.0,0.0,2.0,0.0,Colisión entre vehículos,,2,,Asfalto,Apto,Seca,S/D,Día,,Despejado,S/D,Automóvil
675,212411,2023-02-02,14:50:00,Urbana,Avenida,AV TTE IBAÑEZ,1400,VARGAS GOMEZ,,,1.0,1.0,0.0,2.0,0.0,Colisión entre vehículos,Rozamiento,2,No obstruido,Asfalto,Apto,Seca,Ninguna,Día,,Despejado,Sin Semáforo,Automóvil
676,212411,2023-02-02,14:50:00,Urbana,Avenida,AV TTE IBAÑEZ,1400,VARGAS GOMEZ,,,1.0,1.0,0.0,2.0,0.0,Colisión entre vehículos,Rozamiento,2,No obstruido,Asfalto,Apto,Seca,Ninguna,Día,,Despejado,Sin Semáforo,Motocicleta
677,201237,2023-02-02,08:45:00,Urbana,Ruta Provincial,5,5000,J. PABLO ROMERO,,,1.0,1.0,0.0,2.0,0.0,Colisión entre vehículos,,2,,Asfalto,Apto,Seca,S/D,Día,,Otro,S/D,Automóvil
678,201237,2023-02-02,08:45:00,Urbana,Ruta Provincial,5,5000,J. PABLO ROMERO,,,1.0,1.0,0.0,2.0,0.0,Colisión entre vehículos,,2,,Asfalto,Apto,Seca,S/D,Día,,Otro,S/D,Motocicleta
679,205603,2023-02-01,08:17:00,Urbana,Calle,SANTA FE,1100,BOLIVAR,,,1.0,1.0,0.0,2.0,0.0,Colisión entre vehículos,Lateral,2,S/D,Asfalto,Apto,Seca,Ninguna,Día,,,Funciona,Automóvil
680,205603,2023-02-01,08:17:00,Urbana,Calle,SANTA FE,1100,BOLIVAR,,,1.0,1.0,0.0,2.0,0.0,Colisión entre vehículos,Lateral,2,S/D,Asfalto,Apto,Seca,Ninguna,Día,,,Funciona,Bicicleta
681,199129,2023-01-30,12:56:00,Urbana,Calle,MENDOZA,1201,BOLIVAR,,,1.0,1.0,0.0,2.0,0.0,Colisión entre vehículos,,2,,Asfalto,Apto,Seca,S/D,Día,,Despejado,S/D,Automóvil
682,199129,2023-01-30,12:56:00,Urbana,Calle,MENDOZA,1201,BOLIVAR,,,1.0,1.0,0.0,2.0,0.0,Colisión entre vehículos,,2,,Asfalto,Apto,Seca,S/D,Día,,Despejado,S/D,Motocicleta
683,201967,2023-01-30,08:17:00,Urbana,Calle,ESPAÑA,1768,MORENO,,,1.0,1.0,0.0,2.0,0.0,Colisión entre vehículos,,2,S/D,Asfalto,Apto,Seca,Asfalto,,,Despejado,S/D,Camioneta/Utilitario
684,201967,2023-01-30,08:17:00,Urbana,Calle,ESPAÑA,1768,MORENO,,,1.0,1.0,0.0,2.0,0.0,Colisión entre vehículos,,2,S/D,Asfalto,Apto,Seca,Asfalto,,,Despejado,S/D,Bicicleta
685,207085,2023-01-30,10:26:00,Urbana,Avenida,AV CHACABUCO,1800,GENERAL PAL,,,1.0,1.0,0.0,2.0,0.0,Colisión entre vehículos,Lateral,2,S/D,,Apto,Seca,Ninguna,Día,,Despejado,Funciona,Motocicleta
686,207085,2023-01-30,10:26:00,Urbana,Avenida,AV CHACABUCO,1800,GENERAL PAL,,,1.0,1.0,0.0,2.0,0.0,Colisión entre vehículos,Lateral,2,S/D,,Apto,Seca,Ninguna,Día,,Despejado,Funciona,Transporte de pasajeros
687,197501,2023-01-28,12:30:00,Urbana,Calle,GUEMES,1600,GENERAL PAZ,,,1.0,1.0,0.0,2.0,0.0,Colisión entre vehículos,Angulo,2,S/D,Asfalto,Apto,Seca,Asfalto,Día,,Despejado,S/D,Automóvil
688,197501,2023-01-28,12:30:00,Urbana,Calle,GUEMES,1600,GENERAL PAZ,,,1.0,1.0,0.0,2.0,0.0,Colisión entre vehículos,Angulo,2,S/D,Asfalto,Apto,Seca,Asfalto,Día,,Despejado,S/D,Motocicleta
689,207683,2023-01-27,07:30:00,Urbana,Avenida,AV ALTA GRACIA,2400,,,,1.0,1.0,0.0,2.0,0.0,Colisión entre vehículos,Rozamiento,2,S/D,Asfalto,Apto,Seca,Ninguna,Noche,NO,Despejado,Sin Semáforo,Automóvil
690,207683,2023-01-27,07:30:00,Urbana,Avenida,AV ALTA GRACIA,2400,,,,1.0,1.0,0.0,2.0,0.0,Colisión entre vehículos,Rozamiento,2,S/D,Asfalto,Apto,Seca,Ninguna,Noche,NO,Despejado,Sin Semáforo,Motocicleta
691,176190,2023-01-27,09:00:00,Urbana,Calle,SAN MARTÍN,1100,SAN LORENZO,-2.747.028,-5.883.204,2.0,0.0,0.0,2.0,0.0,Colisión entre vehículos,,2,No obstruido,Asfalto,Apto,Seca,Ninguna,Día,,Despejado,Sin Semáforo,Automóvil
692,176190,2023-01-27,09:00:00,Urbana,Calle,SAN MARTÍN,1100,SAN LORENZO,-2.747.028,-5.883.204,2.0,0.0,0.0,2.0,0.0,Colisión entre vehículos,,2,No obstruido,Asfalto,Apto,Seca,Ninguna,Día,,Despejado,Sin Semáforo,Automóvil
693,177717,2023-01-26,07:20:00,Urbana,Calle,BUENOS AIRES,600,25 DE mayo,-2.746.386,-5.884.018,2.0,0.0,0.0,2.0,0.0,Colisión entre vehículos,,2,No obstruido,Asfalto,Apto,Seca,Ninguna,Día,,Despejado,Sin Semáforo,Automóvil
694,177717,2023-01-26,07:20:00,Urbana,Calle,BUENOS AIRES,600,25 DE mayo,-2.746.386,-5.884.018,2.0,0.0,0.0,2.0,0.0,Colisión entre vehículos,,2,No obstruido,Asfalto,Apto,Seca,Ninguna,Día,,Despejado,Sin Semáforo,Camioneta/Utilitario
695,182656,2023-01-26,13:30:00,Urbana,Calle,BELGRANO,1700,JUJUY,-2.747.277,-5.882.893,2.0,0.0,0.0,2.0,0.0,Colisión entre vehículos,Lateral,2,,Asfalto,Apto,Seca,Ninguna,Día,,Despejado,Sin Semáforo,Automóvil
696,182656,2023-01-26,13:30:00,Urbana,Calle,BELGRANO,1700,JUJUY,-2.747.277,-5.882.893,2.0,0.0,0.0,2.0,0.0,Colisión entre vehículos,Lateral,2,,Asfalto,Apto,Seca,Ninguna,Día,,Despejado,Sin Semáforo,Transporte de carga
697,186748,2023-01-23,14:08:00,Urbana,Calle,25 DE mayo,1100,,,,2.0,0.0,0.0,2.0,0.0,Colisión entre vehículos,,2,S/D,Asfalto,Apto,Seca,S/D,Día,,Despejado,S/D,Automóvil
698,186748,2023-01-23,14:08:00,Urbana,Calle,25 DE mayo,1100,,,,2.0,0.0,0.0,2.0,0.0,Colisión entre vehículos,,2,S/D,Asfalto,Apto,Seca,S/D,Día,,Despejado,S/D,Camioneta/Utilitario
699,189214,2023-01-22,13:10:00,Urbana,Ruta Provincial,RUTA 12,1024,ACCESO BARRIO PONCE,,,2.0,2.0,0.0,2.0,0.0,Colisión entre vehículos,,2,,Asfalto,Apto,Seca,S/D,Día,,Despejado,Funciona,Motocicleta
700,189214,2023-01-22,13:10:00,Urbana,Ruta Provincial,RUTA 12,1024,ACCESO BARRIO PONCE,,,2.0,2.0,0.0,2.0,0.0,Colisión entre vehículos,,2,,Asfalto,Apto,Seca,S/D,Día,,Despejado,Funciona,Automóvil
701,194943,2023-01-21,10:35:00,Urbana,Avenida,MAIPU,99,IBERA,,,1.0,1.0,0.0,1.0,1.0,Atropello a peatón/es,,2,S/D,Asfalto,Apto,Seca,S/D,Día,,Despejado,S/D,Motocicleta
702,194943,2023-01-21,10:35:00,Urbana,Avenida,MAIPU,99,IBERA,,,1.0,1.0,0.0,1.0,1.0,Atropello a peatón/es,,2,S/D,Asfalto,Apto,Seca,S/D,Día,,Despejado,S/D,Peatón
703,207720,2023-01-21,12:15:00,Urbana,Avenida,AV CHACABUCO,1200,ALMIRANTE BROWN,,,1.0,1.0,0.0,2.0,0.0,Colisión entre vehículos,Lateral,2,S/D,Asfalto,Apto,Seca,Ninguna,Día,,Despejado,Sin Semáforo,Motocicleta
704,207720,2023-01-21,12:15:00,Urbana,Avenida,AV CHACABUCO,1200,ALMIRANTE BROWN,,,1.0,1.0,0.0,2.0,0.0,Colisión entre vehículos,Lateral,2,S/D,Asfalto,Apto,Seca,Ninguna,Día,,Despejado,Sin Semáforo,Automóvil
705,205566,2023-01-21,13:45:00,Urbana,Calle,COLOMBIA,1100,ESTADO DE ISRAEL,,,3.0,2.0,0.0,2.0,0.0,Colisión entre vehículos,Alcance,2,S/D,Asfalto,Apto,Seca,Ninguna,Día,,Despejado,Sin Semáforo,Motocicleta
706,205566,2023-01-21,13:45:00,Urbana,Calle,COLOMBIA,1100,ESTADO DE ISRAEL,,,3.0,2.0,0.0,2.0,0.0,Colisión entre vehículos,Alcance,2,S/D,Asfalto,Apto,Seca,Ninguna,Día,,Despejado,Sin Semáforo,Automóvil
707,185843,2023-01-19,08:00:00,Urbana,Avenida,AVENIDA MAIPU,5000,,,,3.0,0.0,0.0,3.0,0.0,Colisión entre vehículos,Alcance,3,S/D,,Apto,Seca,,Día,,Despejado,Sin Semáforo,Automóvil
708,185843,2023-01-19,08:00:00,Urbana,Avenida,AVENIDA MAIPU,5000,,,,3.0,0.0,0.0,3.0,0.0,Colisión entre vehículos,Alcance,3,S/D,,Apto,Seca,,Día,,Despejado,Sin Semáforo,Automóvil
709,185843,2023-01-19,08:00:00,Urbana,Avenida,AVENIDA MAIPU,5000,,,,3.0,0.0,0.0,3.0,0.0,Colisión entre vehículos,Alcance,3,S/D,,Apto,Seca,,Día,,Despejado,Sin Semáforo,Automóvil
710,177724,2023-01-18,12:19:00,Urbana,Calle,,,TUCUMAN,,,2.0,1.0,0.0,3.0,0.0,Colisión entre vehículos,,3,,Asfalto,Apto,Seca,S/D,Día,,Despejado,,Automóvil
711,177724,2023-01-18,12:19:00,Urbana,Calle,,,TUCUMAN,,,2.0,1.0,0.0,3.0,0.0,Colisión entre vehículos,,3,,Asfalto,Apto,Seca,S/D,Día,,Despejado,,Camioneta/Utilitario
712,177724,2023-01-18,12:19:00,Urbana,Calle,,,TUCUMAN,,,2.0,1.0,0.0,3.0,0.0,Colisión entre vehículos,,3,,Asfalto,Apto,Seca,S/D,Día,,Despejado,,Transporte de carga
713,200510,2023-01-18,10:20:00,Urbana,Calle,SAN  LUIS,830,9 DE julio,,,2.0,0.0,0.0,2.0,0.0,Colisión entre vehículos,,2,S/D,Asfalto,Apto,Seca,Asfalto,Día,,Despejado,S/D,Automóvil
714,200510,2023-01-18,10:20:00,Urbana,Calle,SAN  LUIS,830,9 DE julio,,,2.0,0.0,0.0,2.0,0.0,Colisión entre vehículos,,2,S/D,Asfalto,Apto,Seca,Asfalto,Día,,Despejado,S/D,Automóvil
715,201999,2023-01-18,09:23:00,Urbana,Avenida,AV INDEPENDENCIA,5000,,,,3.0,0.0,0.0,3.0,0.0,Colisión entre vehículos,,3,,Asfalto,Apto,Seca,Asfalto,Día,,Despejado,S/D,Automóvil
716,201999,2023-01-18,09:23:00,Urbana,Avenida,AV INDEPENDENCIA,5000,,,,3.0,0.0,0.0,3.0,0.0,Colisión entre vehículos,,3,,Asfalto,Apto,Seca,Asfalto,Día,,Despejado,S/D,Transporte de pasajeros
717,201999,2023-01-18,09:23:00,Urbana,Avenida,AV INDEPENDENCIA,5000,,,,3.0,0.0,0.0,3.0,0.0,Colisión entre vehículos,,3,,Asfalto,Apto,Seca,Asfalto,Día,,Despejado,S/D,Automóvil
718,176230,2023-01-18,11:20:00,Urbana,Avenida,AV FERRE,2200,PERU,,,1.0,0.0,0.0,1.0,0.0,Colisión entre vehículos,Alcance,1,,Asfalto,Apto,Seca,S/D,Día,,Despejado,Sin Semáforo,Automóvil
719,199951,2023-01-13,10:40:00,Urbana,Calle,CARTAGENA,4100,OSCAR CASCO,,,0.0,1.0,0.0,1.0,0.0,Atropello a animal/es,,1,S/D,Asfalto,Apto,Seca,S/D,Día,,Despejado,Sin Semáforo,Motocicleta
720,189278,2023-01-12,14:54:00,Urbana,Avenida,AV PUJOL,2200,VELEZ SARDFIELD,,,1.0,1.0,0.0,2.0,0.0,Colisión entre vehículos,,2,S/D,Asfalto,Apto,Seca,S/D,Día,,Despejado,S/D,Automóvil
721,189278,2023-01-12,14:54:00,Urbana,Avenida,AV PUJOL,2200,VELEZ SARDFIELD,,,1.0,1.0,0.0,2.0,0.0,Colisión entre vehículos,,2,S/D,Asfalto,Apto,Seca,S/D,Día,,Despejado,S/D,Motocicleta
722,184925,2023-01-10,09:54:00,Urbana,Calle,LA HERAS,3800,GUEMES,,,1.0,2.0,0.0,2.0,0.0,Colisión entre vehículos,Alcance,2,,Asfalto,Apto,Seca,S/D,Día,,Despejado,Sin Semáforo,Automóvil
723,184925,2023-01-10,09:54:00,Urbana,Calle,LA HERAS,3800,GUEMES,,,1.0,2.0,0.0,2.0,0.0,Colisión entre vehículos,Alcance,2,,Asfalto,Apto,Seca,S/D,Día,,Despejado,Sin Semáforo,Motocicleta
724,180110,2023-01-09,09:27:00,Urbana,Avenida,AV CENTENARIO,4105,,,,0.0,1.0,0.0,1.0,0.0,Caída desde vehículo,,1,,Asfalto,Apto,Seca,S/D,Día,,Despejado,S/D,Motocicleta
725,194940,2023-01-08,16:30:00,Urbana,Calle,BOLIVAR,2000,BRASIL,,,3.0,0.0,0.0,3.0,0.0,Colisión entre vehículos,Multiple,3,,Asfalto,Apto,Seca,S/D,Día,,Despejado,Sin Semáforo,Motocicleta
726,194940,2023-01-08,16:30:00,Urbana,Calle,BOLIVAR,2000,BRASIL,,,3.0,0.0,0.0,3.0,0.0,Colisión entre vehículos,Multiple,3,,Asfalto,Apto,Seca,S/D,Día,,Despejado,Sin Semáforo,Automóvil
727,194940,2023-01-08,16:30:00,Urbana,Calle,BOLIVAR,2000,BRASIL,,,3.0,0.0,0.0,3.0,0.0,Colisión entre vehículos,Multiple,3,,Asfalto,Apto,Seca,S/D,Día,,Despejado,Sin Semáforo,Camioneta/Utilitario
728,212911,2023-01-07,06:29:00,Urbana,Calle,JOSE RAMON VIDAL,1900,NECOCHEA,,,1.0,1.0,0.0,2.0,0.0,Colisión entre vehículos,Lateral,2,S/D,Asfalto,Apto,Seca,Asfalto,Día,,Despejado,Sin Semáforo,Camioneta/Utilitario
729,212911,2023-01-07,06:29:00,Urbana,Calle,JOSE RAMON VIDAL,1900,NECOCHEA,,,1.0,1.0,0.0,2.0,0.0,Colisión entre vehículos,Lateral,2,S/D,Asfalto,Apto,Seca,Asfalto,Día,,Despejado,Sin Semáforo,Motocicleta
730,194950,2023-01-07,13:45:00,Urbana,Avenida,AV MAIPU,2400,ACONCAGUA,,,2.0,0.0,0.0,1.0,1.0,Atropello a peatón/es,,2,,Asfalto,Apto,Seca,,Día,,Despejado,S/D,Motocicleta
731,194950,2023-01-07,13:45:00,Urbana,Avenida,AV MAIPU,2400,ACONCAGUA,,,2.0,0.0,0.0,1.0,1.0,Atropello a peatón/es,,2,,Asfalto,Apto,Seca,,Día,,Despejado,S/D,Peatón
732,182654,2023-01-07,13:15:00,Urbana,Avenida,AV IV CENTENARIO,2487,,,,1.0,1.0,1.0,2.0,0.0,Colisión entre vehículos,Lateral,2,,Asfalto,Apto,Seca,Ninguna,Día,,Despejado,Sin Semáforo,Transporte de carga
733,182654,2023-01-07,13:15:00,Urbana,Avenida,AV IV CENTENARIO,2487,,,,1.0,1.0,1.0,2.0,0.0,Colisión entre vehículos,Lateral,2,,Asfalto,Apto,Seca,Ninguna,Día,,Despejado,Sin Semáforo,Bicicleta
734,185920,2023-01-07,06:25:00,Urbana,Avenida,AV CHACABUCO,1500,LUIS BRAILE,,,2.0,1.0,1.0,3.0,0.0,Colisión entre vehículos,Multiple,3,,Asfalto,Apto,Seca,S/D,Noche,,Despejado,Funciona,Automóvil
735,185920,2023-01-07,06:25:00,Urbana,Avenida,AV CHACABUCO,1500,LUIS BRAILE,,,2.0,1.0,1.0,3.0,0.0,Colisión entre vehículos,Multiple,3,,Asfalto,Apto,Seca,S/D,Noche,,Despejado,Funciona,Automóvil
736,185920,2023-01-07,06:25:00,Urbana,Avenida,AV CHACABUCO,1500,LUIS BRAILE,,,2.0,1.0,1.0,3.0,0.0,Colisión entre vehículos,Multiple,3,,Asfalto,Apto,Seca,S/D,Noche,,Despejado,Funciona,Motocicleta
737,184878,2023-01-04,09:10:00,Urbana,Calle,PERU,1400,RIVADAVIA,,,2.0,0.0,0.0,2.0,0.0,Colisión entre vehículos,,2,,Asfalto,Apto,Seca,S/D,Día,,Despejado,Sin Semáforo,Automóvil
738,184878,2023-01-04,09:10:00,Urbana,Calle,PERU,1400,RIVADAVIA,,,2.0,0.0,0.0,2.0,0.0,Colisión entre vehículos,,2,,Asfalto,Apto,Seca,S/D,Día,,Despejado,Sin Semáforo,Automóvil
739,189219,2023-01-03,10:40:00,Urbana,Avenida,AV RAUL ALFONSIN,4800,QUINQUELA MARTIN,,,2.0,0.0,0.0,2.0,0.0,Colisión entre vehículos,,2,,Asfalto,Apto,Seca,S/D,Día,,Despejado,S/D,Camioneta/Utilitario
740,189219,2023-01-03,10:40:00,Urbana,Avenida,AV RAUL ALFONSIN,4800,QUINQUELA MARTIN,,,2.0,0.0,0.0,2.0,0.0,Colisión entre vehículos,,2,,Asfalto,Apto,Seca,S/D,Día,,Despejado,S/D,Motocicleta
741,185890,2023-01-03,19:10:00,Urbana,Avenida,AV PUJOL,1800,BAIBIENE,,,3.0,1.0,0.0,2.0,0.0,Colisión entre vehículos,,2,S/D,Asfalto,Apto,Seca,S/D,Noche,SI,Despejado,Funciona,Motocicleta
742,185890,2023-01-03,19:10:00,Urbana,Avenida,AV PUJOL,1800,BAIBIENE,,,3.0,1.0,0.0,2.0,0.0,Colisión entre vehículos,,2,S/D,Asfalto,Apto,Seca,S/D,Noche,SI,Despejado,Funciona,Automóvil
743,199928,2023-01-03,08:40:00,Urbana,Ruta Nacional,12,1035,,,,1.0,1.0,0.0,2.0,0.0,Colisión entre vehículos,,2,S/D,Asfalto,Apto,Seca,S/D,Día,,Despejado,Sin Semáforo,Motocicleta
744,199928,2023-01-03,08:40:00,Urbana,Ruta Nacional,12,1035,,,,1.0,1.0,0.0,2.0,0.0,Colisión entre vehículos,,2,S/D,Asfalto,Apto,Seca,S/D,Día,,Despejado,Sin Semáforo,Motocicleta